exponential distribution x Values,exponential distribution y Values,exponential probability plot scatter x Values,exponential probability plot scatter y Values,exponential probability plot x Values,exponential probability plot y Values,exponential failure rate (hazard) function x Values,exponential failure rate (hazard) function y Values,exponential reliability (survival) function x Values,exponential reliability (survival) function y Values
0.0001,0.001996008,0,-6.477851098,0.0001,-15.42694657,0.0001,501,0.0001,0.9999998
3.310672467,0.001982862,2.207048458,-5.590547903,3.310672467,-5.022757015,3.310672467,501,3.310672467,0.993413657
6.621244934,0.001969802,4.414096916,-5.127924381,6.621244934,-4.332923444,6.621244934,501,6.621244934,0.986870891
9.931817401,0.001956829,6.621145374,-4.812843334,9.931817401,-3.930758237,9.931817401,501,9.931817401,0.980371216
13.24238987,0.001943941,8.828193833,-4.573613645,13.24238987,-3.646369911,13.24238987,501,13.24238987,0.97391435
16.55296233,0.001931138,11.03524229,-4.380709979,16.55296233,-3.426515461,16.55296233,501,16.55296233,0.967500009
19.8635348,0.001918419,13.24229075,-4.219068627,19.8635348,-3.247478862,19.8635348,501,19.8635348,0.961127914
23.17410727,0.001905784,15.44933921,-4.079955825,23.17410727,-3.096609215,23.17410727,501,23.17410727,0.954797786
26.48467974,0.001893232,17.65638767,-3.957853128,26.48467974,-2.966355037,26.48467974,501,26.48467974,0.94850935
29.7952522,0.001880763,19.86343612,-3.849050268,29.7952522,-2.851845458,29.7952522,501,29.7952522,0.94226233
33.10582467,0.001868376,22.07048458,-3.750932412,33.10582467,-2.749754677,33.10582467,501,33.10582467,0.936056454
36.41639714,0.001856071,24.27753304,-3.661587312,36.41639714,-2.657710532,36.41639714,501,36.41639714,0.929891451
39.7269696,0.001843846,26.4845815,-3.57957416,39.7269696,-2.573961507,39.7269696,501,39.7269696,0.923767051
43.03754207,0.001831703,28.69162996,-3.503780321,43.03754207,-2.497177479,43.03754207,501,43.03754207,0.917682987
46.34811454,0.001819639,30.89867841,-3.43332866,46.34811454,-2.426324521,46.34811454,501,46.34811454,0.911638994
49.658687,0.001807654,33.10572687,-3.367515441,49.658687,-2.360583004,49.658687,501,49.658687,0.905634808
52.96925947,0.001795749,35.31277533,-3.305767434,52.96925947,-2.299292183,52.96925947,501,52.96925947,0.899670166
56.27983194,0.001783922,37.51982379,-3.247611514,56.27983194,-2.241911609,56.27983194,501,56.27983194,0.893744808
59.59040441,0.001772173,39.72687225,-3.19265263,59.59040441,-2.187993595,59.59040441,501,59.59040441,0.887858476
62.90097687,0.001760501,41.9339207,-3.140557518,62.90097687,-2.137163127,62.90097687,501,62.90097687,0.882010911
66.21154934,0.001748906,44.14096916,-3.091042453,66.21154934,-2.089102941,66.21154934,501,66.21154934,0.87620186
69.52212181,0.001737387,46.34801762,-3.043863893,69.52212181,-2.043542242,69.52212181,501,69.52212181,0.870431067
72.83269427,0.001725945,48.55506608,-2.998811229,72.83269427,-2.00024805,72.83269427,501,72.83269427,0.864698282
76.14326674,0.001714577,50.76211454,-2.955701105,76.14326674,-1.95901847,76.14326674,501,76.14326674,0.859003254
79.45383921,0.001703285,52.969163,-2.91437291,79.45383921,-1.919677399,79.45383921,501,79.45383921,0.853345735
82.76441167,0.001692067,55.17621145,-2.874685162,82.76441167,-1.88207031,82.76441167,501,82.76441167,0.847725476
86.07498414,0.001680923,57.38325991,-2.836512588,86.07498414,-1.846060864,86.07498414,501,86.07498414,0.842142234
89.38555661,0.001669852,59.59030837,-2.79974374,89.38555661,-1.811528166,89.38555661,501,89.38555661,0.836595763
92.69612907,0.001658854,61.79735683,-2.764279031,92.69612907,-1.778364516,92.69612907,501,92.69612907,0.831085822
96.00670154,0.001647928,64.00440529,-2.730029108,96.00670154,-1.746473556,96.00670154,501,96.00670154,0.825612171
99.31727401,0.001637075,66.21145374,-2.696913499,99.31727401,-1.715768729,99.31727401,501,99.31727401,0.820174569
102.6278465,0.001626293,68.4185022,-2.664859473,102.6278465,-1.686171997,102.6278465,501,102.6278465,0.814772781
105.9384189,0.001615582,70.62555066,-2.633801076,105.9384189,-1.657612756,105.9384189,501,105.9384189,0.80940657
109.2489914,0.001604942,72.83259912,-2.603678316,109.2489914,-1.630026923,109.2489914,501,109.2489914,0.804075701
112.5595639,0.001594371,75.03964758,-2.574436467,112.5595639,-1.603356153,112.5595639,501,112.5595639,0.798779942
115.8701363,0.00158387,77.24669604,-2.546025465,115.8701363,-1.577547178,115.8701363,501,115.8701363,0.793519061
119.1807088,0.001573439,79.45374449,-2.518399399,119.1807088,-1.552551233,119.1807088,501,119.1807088,0.78829283
122.4912813,0.001563076,81.66079295,-2.491516059,122.4912813,-1.528323561,122.4912813,501,122.4912813,0.783101019
125.8018537,0.001552781,83.86784141,-2.465336554,125.8018537,-1.504822987,125.8018537,501,125.8018537,0.777943403
129.1124262,0.001542554,86.07488987,-2.439824966,129.1124262,-1.482011546,129.1124262,501,129.1124262,0.772819755
132.4229987,0.001532395,88.28193833,-2.414948061,132.4229987,-1.459854155,132.4229987,501,132.4229987,0.767729852
135.7335711,0.001522302,90.48898678,-2.390675025,135.7335711,-1.438318332,135.7335711,501,135.7335711,0.762673472
139.0441436,0.001512276,92.69603524,-2.366977233,139.0441436,-1.417373944,139.0441436,501,139.0441436,0.757650394
142.3547161,0.001502316,94.9030837,-2.343828052,142.3547161,-1.396992985,142.3547161,501,142.3547161,0.752660399
145.6652885,0.001492422,97.11013216,-2.321202652,145.6652885,-1.37714938,145.6652885,501,145.6652885,0.747703269
148.975861,0.001482592,99.31718062,-2.299077856,148.975861,-1.357818814,148.975861,501,148.975861,0.742778787
152.2864335,0.001472828,101.5242291,-2.277431989,152.2864335,-1.338978573,152.2864335,501,152.2864335,0.737886738
155.5970059,0.001463128,103.7312775,-2.256244756,155.5970059,-1.320607411,155.5970059,501,155.5970059,0.73302691
158.9075784,0.001453491,105.938326,-2.235497124,158.9075784,-1.302685423,158.9075784,501,158.9075784,0.728199088
162.2181509,0.001443918,108.1453744,-2.215171221,162.2181509,-1.285193936,162.2181509,501,162.2181509,0.723403064
165.5287233,0.001434408,110.3524229,-2.195250243,165.5287233,-1.268115409,165.5287233,501,165.5287233,0.718638626
168.8392958,0.001424961,112.5594714,-2.175718372,168.8392958,-1.251433342,168.8392958,501,168.8392958,0.713905568
172.1498683,0.001415576,114.7665198,-2.156560698,172.1498683,-1.235132199,172.1498683,501,172.1498683,0.709203683
175.4604407,0.001406253,116.9735683,-2.137763152,175.4604407,-1.219197328,175.4604407,501,175.4604407,0.704532765
178.7710132,0.001396991,119.1806167,-2.119312444,178.7710132,-1.203614902,178.7710132,501,178.7710132,0.69989261
182.0815857,0.00138779,121.3876652,-2.101196007,182.0815857,-1.188371855,182.0815857,501,182.0815857,0.695283016
185.3921581,0.00137865,123.5947137,-2.083401943,185.3921581,-1.173455826,185.3921581,501,185.3921581,0.690703782
188.7027306,0.00136957,125.8017621,-2.06591898,188.7027306,-1.158855111,188.7027306,501,188.7027306,0.686154707
192.0133031,0.00136055,128.0088106,-2.048736427,192.0133031,-1.144558616,192.0133031,501,192.0133031,0.681635592
195.3238756,0.001351589,130.215859,-2.031844133,195.3238756,-1.130555819,195.3238756,501,195.3238756,0.677146242
198.634448,0.001342688,132.4229075,-2.015232456,198.634448,-1.116836725,198.634448,501,198.634448,0.672686459
201.9450205,0.001333844,134.6299559,-1.998892223,201.9450205,-1.103391837,201.9450205,501,201.9450205,0.668256048
205.255593,0.00132506,136.8370044,-1.982814706,205.255593,-1.09021212,205.255593,501,205.255593,0.663854817
208.5661654,0.001316332,139.0440529,-1.966991591,208.5661654,-1.077288975,208.5661654,501,208.5661654,0.659482573
211.8767379,0.001307663,141.2511013,-1.951414952,211.8767379,-1.064614206,211.8767379,501,211.8767379,0.655139126
215.1873104,0.00129905,143.4581498,-1.936077228,215.1873104,-1.052180001,215.1873104,501,215.1873104,0.650824284
218.4978828,0.001290495,145.6651982,-1.920971201,218.4978828,-1.039978904,218.4978828,501,218.4978828,0.646537862
221.8084553,0.001281995,147.8722467,-1.906089974,221.8084553,-1.028003798,221.8084553,501,221.8084553,0.64227967
225.1190278,0.001273552,150.0792952,-1.891426954,225.1190278,-1.01624788,225.1190278,501,225.1190278,0.638049523
228.4296002,0.001265164,152.2863436,-1.876975836,228.4296002,-1.004704645,228.4296002,501,228.4296002,0.633847236
231.7401727,0.001256832,154.4933921,-1.862730581,231.7401727,-0.993367872,231.7401727,501,231.7401727,0.629672627
235.0507452,0.001248554,156.7004405,-1.848685406,235.0507452,-0.9822316,235.0507452,501,235.0507452,0.625525512
238.3613176,0.001240331,158.907489,-1.834834769,238.3613176,-0.971290122,238.3613176,501,238.3613176,0.62140571
241.6718901,0.001232162,161.1145374,-1.821173354,241.6718901,-0.960537966,241.6718901,501,241.6718901,0.617313042
244.9824626,0.001224047,163.3215859,-1.807696061,244.9824626,-0.949969883,244.9824626,501,244.9824626,0.613247329
248.293035,0.001215985,165.5286344,-1.794397993,248.293035,-0.939580837,248.293035,501,248.293035,0.609208393
251.6036075,0.001207976,167.7356828,-1.781274445,251.6036075,-0.929365989,251.6036075,501,251.6036075,0.605196059
254.91418,0.00120002,169.9427313,-1.768320896,254.91418,-0.919320692,254.91418,501,254.91418,0.60121015
258.2247524,0.001192117,172.1497797,-1.755532998,258.2247524,-0.909440481,258.2247524,501,258.2247524,0.597250493
261.5353249,0.001184265,174.3568282,-1.742906568,261.5353249,-0.899721057,261.5353249,501,261.5353249,0.593316915
264.8458974,0.001176466,176.5638767,-1.730437578,264.8458974,-0.890158287,264.8458974,501,264.8458974,0.589409244
268.1564698,0.001168717,178.7709251,-1.718122152,268.1564698,-0.880748191,268.1564698,501,268.1564698,0.585527309
271.4670423,0.00116102,180.9779736,-1.705956552,271.4670423,-0.871486935,271.4670423,501,271.4670423,0.581670941
274.7776148,0.001153373,183.185022,-1.693937176,274.7776148,-0.862370825,274.7776148,501,274.7776148,0.577839972
278.0881872,0.001145777,185.3920705,-1.682060552,278.0881872,-0.853396299,278.0881872,501,278.0881872,0.574034235
281.3987597,0.001138231,187.5991189,-1.670323328,281.3987597,-0.844559924,281.3987597,501,281.3987597,0.570253562
284.7093322,0.001130734,189.8061674,-1.65872227,284.7093322,-0.835858384,284.7093322,501,284.7093322,0.56649779
288.0199046,0.001123287,192.0132159,-1.647254254,288.0199046,-0.827288481,288.0199046,501,288.0199046,0.562766753
291.3304771,0.001115889,194.2202643,-1.635916264,291.3304771,-0.818847125,291.3304771,501,291.3304771,0.55906029
294.6410496,0.001108539,196.4273128,-1.624705385,294.6410496,-0.810531331,294.6410496,501,294.6410496,0.555378238
297.951622,0.001101238,198.6343612,-1.613618797,297.951622,-0.802338216,297.951622,501,297.951622,0.551720437
301.2621945,0.001093985,200.8414097,-1.602653774,301.2621945,-0.794264989,301.2621945,501,301.2621945,0.548086726
304.572767,0.00108678,203.0484581,-1.591807681,304.572767,-0.786308954,304.572767,501,304.572767,0.544476947
307.8833394,0.001079623,205.2555066,-1.581077964,307.8833394,-0.778467501,307.8833394,501,307.8833394,0.540890943
311.1939119,0.001072512,207.4625551,-1.570462153,311.1939119,-0.770738104,311.1939119,501,311.1939119,0.537328557
314.5044844,0.001065448,209.6696035,-1.559957855,314.5044844,-0.763118317,314.5044844,501,314.5044844,0.533789634
317.8150568,0.001058431,211.876652,-1.549562751,317.8150568,-0.755605771,317.8150568,501,317.8150568,0.530274018
321.1256293,0.00105146,214.0837004,-1.539274595,321.1256293,-0.748198172,321.1256293,501,321.1256293,0.526781557
324.4362018,0.001044535,216.2907489,-1.529091207,324.4362018,-0.740893294,324.4362018,501,324.4362018,0.523312097
327.7467742,0.001037656,218.4977974,-1.519010477,327.7467742,-0.733688981,327.7467742,501,327.7467742,0.519865488
331.0573467,0.001030822,220.7048458,-1.509030354,331.0573467,-0.726583141,331.0573467,501,331.0573467,0.516441579
334.3679192,0.001024032,222.9118943,-1.499148851,334.3679192,-0.719573746,334.3679192,501,334.3679192,0.51304022
337.6784916,0.001017288,225.1189427,-1.489364037,337.6784916,-0.712658825,337.6784916,501,337.6784916,0.509661262
340.9890641,0.001010588,227.3259912,-1.479674038,340.9890641,-0.705836469,340.9890641,501,340.9890641,0.50630456
344.2996366,0.001003932,229.5330396,-1.470077036,344.2996366,-0.699104821,344.2996366,501,344.2996366,0.502969964
347.610209,0.00099732,231.7400881,-1.460571261,347.610209,-0.692462078,347.610209,501,347.610209,0.499657331
350.9207815,0.000990752,233.9471366,-1.451154995,350.9207815,-0.68590649,350.9207815,501,350.9207815,0.496366516
354.231354,0.000984226,236.154185,-1.441826569,354.231354,-0.679436354,354.231354,501,354.231354,0.493097374
357.5419264,0.000977744,238.3612335,-1.43258436,357.5419264,-0.673050015,357.5419264,501,357.5419264,0.489849764
360.8524989,0.000971304,240.5682819,-1.423426786,360.8524989,-0.666745867,360.8524989,501,360.8524989,0.486623542
364.1630714,0.000964907,242.7753304,-1.414352314,364.1630714,-0.660522344,364.1630714,501,364.1630714,0.483418569
367.4736438,0.000958552,244.9823789,-1.405359448,367.4736438,-0.654377924,367.4736438,501,367.4736438,0.480234704
370.7842163,0.000952239,247.1894273,-1.396446733,370.7842163,-0.648311127,370.7842163,501,370.7842163,0.477071809
374.0947888,0.000945968,249.3964758,-1.387612753,374.0947888,-0.642320511,374.0947888,501,374.0947888,0.473929745
377.4053612,0.000939737,251.6035242,-1.378856129,377.4053612,-0.636404673,377.4053612,501,377.4053612,0.470808375
380.7159337,0.000933548,253.8105727,-1.370175519,380.7159337,-0.630562247,380.7159337,501,380.7159337,0.467707563
384.0265062,0.0009274,256.0176211,-1.361569614,384.0265062,-0.624791903,384.0265062,501,384.0265062,0.464627174
387.3370786,0.000921292,258.2246696,-1.353037139,387.3370786,-0.619092343,387.3370786,501,387.3370786,0.461567072
390.6476511,0.000915224,260.4317181,-1.344576852,390.6476511,-0.613462305,390.6476511,501,390.6476511,0.458527124
393.9582236,0.000909196,262.6387665,-1.336187541,393.9582236,-0.607900556,393.9582236,501,393.9582236,0.455507198
397.268796,0.000903208,264.845815,-1.327868026,397.268796,-0.602405898,397.268796,501,397.268796,0.452507162
400.5793685,0.000897259,267.0528634,-1.319617154,400.5793685,-0.59697716,400.5793685,501,400.5793685,0.449526884
403.889941,0.00089135,269.2599119,-1.311433802,403.889941,-0.5916132,403.889941,501,403.889941,0.446566235
407.2005134,0.000885479,271.4669604,-1.303316874,407.2005134,-0.586312905,407.2005134,501,407.2005134,0.443625085
410.5110859,0.000879647,273.6740088,-1.295265301,410.5110859,-0.581075188,410.5110859,501,410.5110859,0.440703306
413.8216584,0.000873854,275.8810573,-1.287278038,413.8216584,-0.575898991,413.8216584,501,413.8216584,0.43780077
417.1322308,0.000868099,278.0881057,-1.279354066,417.1322308,-0.570783278,417.1322308,501,417.1322308,0.434917351
420.4428033,0.000862381,280.2951542,-1.271492391,420.4428033,-0.565727038,420.4428033,501,420.4428033,0.432052923
423.7533758,0.000856701,282.5022026,-1.263692039,423.7533758,-0.560729287,423.7533758,501,423.7533758,0.42920736
427.0639482,0.000851059,284.7092511,-1.255952062,427.0639482,-0.55578906,427.0639482,501,427.0639482,0.426380538
430.3745207,0.000845454,286.9162996,-1.248271533,430.3745207,-0.550905418,430.3745207,501,430.3745207,0.423572334
433.6850932,0.000839885,289.123348,-1.240649545,433.6850932,-0.54607744,433.6850932,501,433.6850932,0.420782625
436.9956656,0.000834354,291.3303965,-1.233085212,436.9956656,-0.54130423,436.9956656,501,436.9956656,0.41801129
440.3062381,0.000828859,293.5374449,-1.22557767,440.3062381,-0.536584909,440.3062381,501,440.3062381,0.415258207
443.6168106,0.0008234,295.7444934,-1.21812607,443.6168106,-0.531918619,443.6168106,501,443.6168106,0.412523256
446.927383,0.000817977,297.9515419,-1.210729587,446.927383,-0.527304522,446.927383,501,446.927383,0.409806318
450.2379555,0.000812589,300.1585903,-1.20338741,450.2379555,-0.522741798,450.2379555,501,450.2379555,0.407107275
453.548528,0.000807238,302.3656388,-1.196098748,453.548528,-0.518229645,453.548528,501,453.548528,0.404426007
456.8591004,0.000801921,304.5726872,-1.188862826,456.8591004,-0.513767278,456.8591004,501,456.8591004,0.401762399
460.1696729,0.000796639,306.7797357,-1.181678887,460.1696729,-0.50935393,460.1696729,501,460.1696729,0.399116334
463.4802454,0.000791393,308.9867841,-1.17454619,463.4802454,-0.504988851,463.4802454,501,463.4802454,0.396487696
466.7908178,0.00078618,311.1938326,-1.167464007,466.7908178,-0.500671305,466.7908178,501,466.7908178,0.393876371
470.1013903,0.000781002,313.4008811,-1.160431629,470.1013903,-0.496400573,470.1013903,501,470.1013903,0.391282244
473.4119628,0.000775859,315.6079295,-1.153448361,473.4119628,-0.492175952,473.4119628,501,473.4119628,0.388705202
476.7225352,0.000770749,317.814978,-1.14651352,476.7225352,-0.487996753,476.7225352,501,476.7225352,0.386145134
480.0331077,0.000765673,320.0220264,-1.13962644,480.0331077,-0.4838623,480.0331077,501,480.0331077,0.383601926
483.3436802,0.00076063,322.2290749,-1.132786468,483.3436802,-0.479771933,483.3436802,501,483.3436802,0.381075468
486.6542526,0.00075562,324.4361233,-1.125992964,486.6542526,-0.475725005,486.6542526,501,486.6542526,0.37856565
489.9648251,0.000750643,326.6431718,-1.1192453,489.9648251,-0.471720882,489.9648251,501,489.9648251,0.376072362
493.2753976,0.0007457,328.8502203,-1.112542862,493.2753976,-0.467758942,493.2753976,501,493.2753976,0.373595495
496.58597,0.000740788,331.0572687,-1.105885048,496.58597,-0.463838577,496.58597,501,496.58597,0.371134941
499.8965425,0.000735909,333.2643172,-1.099271267,499.8965425,-0.459959192,499.8965425,501,499.8965425,0.368690592
503.207115,0.000731063,335.4713656,-1.092700941,503.207115,-0.4561202,503.207115,501,503.207115,0.366262343
506.5176874,0.000726248,337.6784141,-1.086173503,506.5176874,-0.452321029,506.5176874,501,506.5176874,0.363850086
509.8282599,0.000721465,339.8854626,-1.079688396,509.8282599,-0.448561118,509.8282599,501,509.8282599,0.361453717
513.1388324,0.000716713,342.092511,-1.073245075,513.1388324,-0.444839916,513.1388324,501,513.1388324,0.35907313
516.4494048,0.000711992,344.2995595,-1.066843004,516.4494048,-0.441156882,516.4494048,501,516.4494048,0.356708222
519.7599773,0.000707303,346.5066079,-1.06048166,519.7599773,-0.437511488,519.7599773,501,519.7599773,0.35435889
523.0705498,0.000702645,348.7136564,-1.054160526,523.0705498,-0.433903212,523.0705498,501,523.0705498,0.352025032
526.3811222,0.000698017,350.9207048,-1.047879098,526.3811222,-0.430331547,526.3811222,501,526.3811222,0.349706544
529.6916947,0.00069342,353.1277533,-1.041636881,529.6916947,-0.426795991,529.6916947,501,529.6916947,0.347403326
533.0022672,0.000688853,355.3348018,-1.035433387,533.0022672,-0.423296055,533.0022672,501,533.0022672,0.345115277
536.3128396,0.000684316,357.5418502,-1.029268139,536.3128396,-0.419831256,536.3128396,501,536.3128396,0.342842298
539.6234121,0.000679809,359.7488987,-1.023140669,539.6234121,-0.416401123,539.6234121,501,539.6234121,0.340584289
542.9339846,0.000675332,361.9559471,-1.017050516,542.9339846,-0.413005191,542.9339846,501,542.9339846,0.338341152
546.244557,0.000670884,364.1629956,-1.010997229,546.244557,-0.409643005,546.244557,501,546.244557,0.336112788
549.5551295,0.000666465,366.3700441,-1.004980364,549.5551295,-0.406314119,549.5551295,501,549.5551295,0.3338991
552.865702,0.000662076,368.5770925,-0.998999485,552.865702,-0.403018093,552.865702,501,552.865702,0.331699993
556.1762744,0.000657715,370.784141,-0.993054164,556.1762744,-0.399754497,556.1762744,501,556.1762744,0.329515368
559.4868469,0.000653383,372.9911894,-0.987143981,559.4868469,-0.396522908,559.4868469,501,559.4868469,0.327345133
562.7974194,0.00064908,375.1982379,-0.981268524,562.7974194,-0.393322909,562.7974194,501,562.7974194,0.32518919
566.1079919,0.000644805,377.4052863,-0.975427386,566.1079919,-0.390154093,566.1079919,501,566.1079919,0.323047447
569.4185643,0.000640559,379.6123348,-0.969620168,569.4185643,-0.387016058,569.4185643,501,569.4185643,0.32091981
572.7291368,0.00063634,381.8193833,-0.96384648,572.7291368,-0.383908411,572.7291368,501,572.7291368,0.318806186
576.0397093,0.000632149,384.0264317,-0.958105936,576.0397093,-0.380830763,576.0397093,501,576.0397093,0.316706482
579.3502817,0.000627985,386.2334802,-0.952398158,579.3502817,-0.377782736,579.3502817,501,579.3502817,0.314620607
582.6608542,0.000623849,388.4405286,-0.946722774,582.6608542,-0.374763954,582.6608542,501,582.6608542,0.31254847
585.9714267,0.00061974,390.6475771,-0.941079418,585.9714267,-0.371774051,585.9714267,501,585.9714267,0.310489981
589.2819991,0.000615659,392.8546256,-0.935467731,589.2819991,-0.368812664,589.2819991,501,589.2819991,0.308445049
592.5925716,0.000611604,395.061674,-0.92988736,592.5925716,-0.36587944,592.5925716,501,592.5925716,0.306413585
595.9031441,0.000607576,397.2687225,-0.924337956,595.9031441,-0.362974029,595.9031441,501,595.9031441,0.304395501
599.2137165,0.000603574,399.4757709,-0.918819178,599.2137165,-0.360096087,599.2137165,501,599.2137165,0.302390708
602.524289,0.000599599,401.6828194,-0.91333069,602.524289,-0.357245277,602.524289,501,602.524289,0.300399119
605.8348615,0.00059565,403.8898678,-0.907872161,605.8348615,-0.354421267,605.8348615,501,605.8348615,0.298420647
609.1454339,0.000591727,406.0969163,-0.902443266,609.1454339,-0.351623731,609.1454339,501,609.1454339,0.296455205
612.4560064,0.00058783,408.3039648,-0.897043685,612.4560064,-0.348852347,612.4560064,501,612.4560064,0.294502709
615.7665789,0.000583958,410.5110132,-0.891673103,615.7665789,-0.3461068,615.7665789,501,615.7665789,0.292563071
619.0771513,0.000580112,412.7180617,-0.88633121,619.0771513,-0.343386779,619.0771513,501,619.0771513,0.290636208
622.3877238,0.000576291,414.9251101,-0.881017701,622.3877238,-0.340691978,622.3877238,501,622.3877238,0.288722036
625.6982963,0.000572496,417.1321586,-0.875732277,625.6982963,-0.338022097,625.6982963,501,625.6982963,0.286820471
629.0088687,0.000568725,419.339207,-0.870474641,629.0088687,-0.335376839,629.0088687,501,629.0088687,0.28493143
632.3194412,0.00056498,421.5462555,-0.865244504,632.3194412,-0.332755913,632.3194412,501,632.3194412,0.28305483
635.6300137,0.000561259,423.753304,-0.860041578,635.6300137,-0.330159033,635.6300137,501,635.6300137,0.28119059
638.9405861,0.000557562,425.9603524,-0.854865583,638.9405861,-0.327585917,638.9405861,501,638.9405861,0.279338628
642.2511586,0.00055389,428.1674009,-0.849716241,642.2511586,-0.325036286,642.2511586,501,642.2511586,0.277498864
645.5617311,0.000550242,430.3744493,-0.844593279,645.5617311,-0.322509868,645.5617311,501,645.5617311,0.275671216
648.8723035,0.000546618,432.5814978,-0.839496428,648.8723035,-0.320006394,648.8723035,501,648.8723035,0.273855606
652.182876,0.000543018,434.7885463,-0.834425423,652.182876,-0.317525597,652.182876,501,652.182876,0.272051953
655.4934485,0.000539441,436.9955947,-0.829380004,655.4934485,-0.315067218,655.4934485,501,655.4934485,0.270260179
658.8040209,0.000535889,439.2026432,-0.824359913,658.8040209,-0.312631,658.8040209,501,658.8040209,0.268480207
662.1145934,0.000532359,441.4096916,-0.819364898,662.1145934,-0.31021669,662.1145934,501,662.1145934,0.266711957
665.4251659,0.000528853,443.6167401,-0.814394709,665.4251659,-0.307824038,665.4251659,501,665.4251659,0.264955354
668.7357383,0.00052537,445.8237885,-0.8094491,668.7357383,-0.3054528,668.7357383,501,668.7357383,0.263210319
672.0463108,0.00052191,448.030837,-0.80452783,672.0463108,-0.303102733,672.0463108,501,672.0463108,0.261476778
675.3568833,0.000518472,450.2378855,-0.799630661,675.3568833,-0.300773599,675.3568833,501,675.3568833,0.259754654
678.6674557,0.000515058,452.4449339,-0.794757357,678.6674557,-0.298465165,678.6674557,501,678.6674557,0.258043872
681.9780282,0.000511665,454.6519824,-0.789907687,681.9780282,-0.296177198,681.9780282,501,681.9780282,0.256344358
685.2886007,0.000508295,456.8590308,-0.785081423,685.2886007,-0.293909472,685.2886007,501,685.2886007,0.254656037
688.5991731,0.000504948,459.0660793,-0.78027834,688.5991731,-0.291661762,688.5991731,501,688.5991731,0.252978836
691.9097456,0.000501622,461.2731278,-0.775498216,691.9097456,-0.289433846,691.9097456,501,691.9097456,0.25131268
695.2203181,0.000498318,463.4801762,-0.770740833,695.2203181,-0.287225508,695.2203181,501,695.2203181,0.249657499
698.5308905,0.000495036,465.6872247,-0.766005975,698.5308905,-0.285036533,698.5308905,501,698.5308905,0.248013218
701.841463,0.000491776,467.8942731,-0.761293431,701.841463,-0.282866708,701.841463,501,701.841463,0.246379767
705.1520355,0.000488537,470.1013216,-0.756602991,705.1520355,-0.280715826,705.1520355,501,705.1520355,0.244757075
708.4626079,0.000485319,472.30837,-0.751934449,708.4626079,-0.278583681,708.4626079,501,708.4626079,0.243145069
711.7731804,0.000482123,474.5154185,-0.7472876,711.7731804,-0.27647007,711.7731804,501,711.7731804,0.24154368
715.0837529,0.000478948,476.722467,-0.742662245,715.0837529,-0.274374793,715.0837529,501,715.0837529,0.239952839
718.3943253,0.000475793,478.9295154,-0.738058185,718.3943253,-0.272297655,718.3943253,501,718.3943253,0.238372475
721.7048978,0.00047266,481.1365639,-0.733475226,721.7048978,-0.27023846,721.7048978,501,721.7048978,0.236802519
725.0154703,0.000469547,483.3436123,-0.728913174,725.0154703,-0.268197016,725.0154703,501,725.0154703,0.235242903
728.3260427,0.000466454,485.5506608,-0.72437184,728.3260427,-0.266173136,728.3260427,501,728.3260427,0.23369356
731.6366152,0.000463382,487.7577093,-0.719851037,731.6366152,-0.264166634,731.6366152,501,731.6366152,0.23215442
734.9471877,0.00046033,489.9647577,-0.715350579,734.9471877,-0.262177325,734.9471877,501,734.9471877,0.230625417
738.2577601,0.000457298,492.1718062,-0.710870285,738.2577601,-0.260205028,738.2577601,501,738.2577601,0.229106485
741.5683326,0.000454287,494.3788546,-0.706409974,741.5683326,-0.258249565,741.5683326,501,741.5683326,0.227597557
744.8789051,0.000451295,496.5859031,-0.70196947,744.8789051,-0.25631076,744.8789051,501,744.8789051,0.226098566
748.1894775,0.000448322,498.7929515,-0.697548596,748.1894775,-0.254388439,748.1894775,501,748.1894775,0.224609448
751.50005,0.00044537,501,-0.693147181,751.50005,-0.25248243,751.50005,501,751.50005,0.223130138
754.8106225,0.000442436,503.2070485,-0.688765053,754.8106225,-0.250592565,754.8106225,501,754.8106225,0.221660571
758.1211949,0.000439522,505.4140969,-0.684402044,758.1211949,-0.248718677,758.1211949,501,758.1211949,0.220200682
761.4317674,0.000436628,507.6211454,-0.680057988,761.4317674,-0.246860601,761.4317674,501,761.4317674,0.218750408
764.7423399,0.000433752,509.8281938,-0.675732722,764.7423399,-0.245018174,764.7423399,501,764.7423399,0.217309686
768.0529123,0.000430895,512.0352423,-0.671426083,768.0529123,-0.243191237,768.0529123,501,768.0529123,0.215878453
771.3634848,0.000428057,514.2422907,-0.667137912,771.3634848,-0.241379631,771.3634848,501,771.3634848,0.214456647
774.6740573,0.000425238,516.4493392,-0.662868051,774.6740573,-0.2395832,774.6740573,501,774.6740573,0.213044204
777.9846297,0.000422437,518.6563877,-0.658616344,777.9846297,-0.237801791,777.9846297,501,777.9846297,0.211641064
781.2952022,0.000419655,520.8634361,-0.654382637,781.2952022,-0.23603525,781.2952022,501,781.2952022,0.210247166
784.6057747,0.000416891,523.0704846,-0.650166779,784.6057747,-0.234283429,784.6057747,501,784.6057747,0.208862447
787.9163471,0.000414145,525.277533,-0.64596862,787.9163471,-0.232546179,787.9163471,501,787.9163471,0.207486849
791.2269196,0.000411418,527.4845815,-0.641788012,791.2269196,-0.230823354,791.2269196,501,791.2269196,0.206120311
794.5374921,0.000408708,529.69163,-0.637624809,794.5374921,-0.229114809,794.5374921,501,794.5374921,0.204762772
797.8480645,0.000406016,531.8986784,-0.633478866,797.8480645,-0.227420403,797.8480645,501,797.8480645,0.203414175
801.158637,0.000403342,534.1057269,-0.629350041,801.158637,-0.225739994,801.158637,501,801.158637,0.20207446
804.4692095,0.000400686,536.3127753,-0.625238193,804.4692095,-0.224073444,804.4692095,501,804.4692095,0.200743568
807.7797819,0.000398047,538.5198238,-0.621143183,807.7797819,-0.222420615,807.7797819,501,807.7797819,0.199421442
811.0903544,0.000395425,540.7268722,-0.617064874,811.0903544,-0.220781373,811.0903544,501,811.0903544,0.198108024
814.4009269,0.000392821,542.9339207,-0.61300313,814.4009269,-0.219155583,814.4009269,501,814.4009269,0.196803256
817.7114993,0.000390234,545.1409692,-0.608957817,817.7114993,-0.217543114,817.7114993,501,817.7114993,0.195507081
821.0220718,0.000387664,547.3480176,-0.604928803,821.0220718,-0.215943835,821.0220718,501,821.0220718,0.194219443
824.3326443,0.00038511,549.5550661,-0.600915956,824.3326443,-0.214357618,824.3326443,501,824.3326443,0.192940286
827.6432167,0.000382574,551.7621145,-0.596919148,827.6432167,-0.212784335,827.6432167,501,827.6432167,0.191669553
830.9537892,0.000380054,553.969163,-0.592938251,830.9537892,-0.211223861,830.9537892,501,830.9537892,0.190407189
834.2643617,0.000377551,556.1762115,-0.588973139,834.2643617,-0.209676071,834.2643617,501,834.2643617,0.18915314
837.5749341,0.000375065,558.3832599,-0.585023687,837.5749341,-0.208140845,837.5749341,501,837.5749341,0.18790735
840.8855066,0.000372594,560.5903084,-0.581089772,840.8855066,-0.206618059,840.8855066,501,840.8855066,0.186669765
844.1960791,0.00037014,562.7973568,-0.577171271,844.1960791,-0.205107595,844.1960791,501,844.1960791,0.185440331
847.5066515,0.000367703,565.0044053,-0.573268066,847.5066515,-0.203609335,847.5066515,501,847.5066515,0.184218994
850.817224,0.000365281,567.2114537,-0.569380036,850.817224,-0.202123162,850.817224,501,850.817224,0.183005701
854.1277965,0.000362875,569.4185022,-0.565507064,854.1277965,-0.200648961,854.1277965,501,854.1277965,0.181800399
857.4383689,0.000360485,571.6255507,-0.561649035,857.4383689,-0.199186618,857.4383689,501,857.4383689,0.180603036
860.7489414,0.000358111,573.8325991,-0.557805833,860.7489414,-0.197736021,860.7489414,501,860.7489414,0.179413558
864.0595139,0.000355752,576.0396476,-0.553977344,864.0595139,-0.196297058,864.0595139,501,864.0595139,0.178231914
867.3700863,0.000353409,578.246696,-0.550163457,867.3700863,-0.194869619,867.3700863,501,867.3700863,0.177058053
870.6806588,0.000351082,580.4537445,-0.54636406,870.6806588,-0.193453596,870.6806588,501,870.6806588,0.175891923
873.9912313,0.000348769,582.660793,-0.542579044,873.9912313,-0.192048882,873.9912313,501,873.9912313,0.174733473
877.3018037,0.000346472,584.8678414,-0.538808301,877.3018037,-0.190655371,877.3018037,501,877.3018037,0.173582653
880.6123762,0.00034419,587.0748899,-0.535051722,880.6123762,-0.189272957,880.6123762,501,880.6123762,0.172439413
883.9229487,0.000341924,589.2819383,-0.531309203,883.9229487,-0.187901538,883.9229487,501,883.9229487,0.171303702
887.2335211,0.000339672,591.4889868,-0.527580638,887.2335211,-0.186541011,887.2335211,501,887.2335211,0.170175471
890.5440936,0.000337434,593.6960352,-0.523865923,890.5440936,-0.185191275,890.5440936,501,890.5440936,0.169054671
893.8546661,0.000335212,595.9030837,-0.520164957,893.8546661,-0.18385223,893.8546661,501,893.8546661,0.167941252
897.1652385,0.000333004,598.1101322,-0.516477637,897.1652385,-0.182523777,897.1652385,501,897.1652385,0.166835167
900.475811,0.000330811,600.3171806,-0.512803864,900.475811,-0.181205819,900.475811,501,900.475811,0.165736366
903.7863835,0.000328632,602.5242291,-0.509143538,903.7863835,-0.179898258,903.7863835,501,903.7863835,0.164644803
907.0969559,0.000326468,604.7312775,-0.505496561,907.0969559,-0.178601,907.0969559,501,907.0969559,0.163560428
910.4075284,0.000324318,606.938326,-0.501862836,910.4075284,-0.17731395,910.4075284,501,910.4075284,0.162483195
913.7181009,0.000322182,609.1453744,-0.498242267,913.7181009,-0.176037015,913.7181009,501,913.7181009,0.161413058
917.0286733,0.00032006,611.3524229,-0.494634759,917.0286733,-0.174770102,917.0286733,501,917.0286733,0.160349968
920.3392458,0.000317952,613.5594714,-0.491040219,920.3392458,-0.173513121,920.3392458,501,920.3392458,0.15929388
923.6498183,0.000315858,615.7665198,-0.487458553,923.6498183,-0.172265981,923.6498183,501,923.6498183,0.158244747
926.9603907,0.000313777,617.9735683,-0.48388967,926.9603907,-0.171028592,926.9603907,501,926.9603907,0.157202524
930.2709632,0.000311711,620.1806167,-0.480333479,930.2709632,-0.169800868,930.2709632,501,930.2709632,0.156167166
933.5815357,0.000309658,622.3876652,-0.476789889,933.5815357,-0.16858272,933.5815357,501,933.5815357,0.155138626
936.8921081,0.000307618,624.5947137,-0.473258812,936.8921081,-0.167374062,936.8921081,501,936.8921081,0.154116861
940.2026806,0.000305592,626.8017621,-0.469740159,940.2026806,-0.16617481,940.2026806,501,940.2026806,0.153101825
943.5132531,0.00030358,629.0088106,-0.466233844,943.5132531,-0.164984878,943.5132531,501,943.5132531,0.152093474
946.8238256,0.00030158,631.215859,-0.462739781,946.8238256,-0.163804184,946.8238256,501,946.8238256,0.151091764
950.134398,0.000299594,633.4229075,-0.459257883,950.134398,-0.162632644,950.134398,501,950.134398,0.150096652
953.4449705,0.000297621,635.6299559,-0.455788067,953.4449705,-0.161470178,953.4449705,501,953.4449705,0.149108094
956.755543,0.000295661,637.8370044,-0.452330249,956.755543,-0.160316705,956.755543,501,956.755543,0.148126046
960.0661154,0.000293714,640.0440529,-0.448884346,960.0661154,-0.159172144,960.0661154,501,960.0661154,0.147150467
963.3766879,0.000291779,642.2511013,-0.445450277,963.3766879,-0.158036418,963.3766879,501,963.3766879,0.146181313
966.6872604,0.000289857,644.4581498,-0.44202796,966.6872604,-0.156909447,966.6872604,501,966.6872604,0.145218541
969.9978328,0.000287948,646.6651982,-0.438617315,969.9978328,-0.155791154,969.9978328,501,969.9978328,0.144262111
973.3084053,0.000286052,648.8722467,-0.435218264,973.3084053,-0.154681464,973.3084053,501,973.3084053,0.14331198
976.6189778,0.000284168,651.0792952,-0.431830727,976.6189778,-0.1535803,976.6189778,501,976.6189778,0.142368106
979.9295502,0.000282296,653.2863436,-0.428454626,979.9295502,-0.152487588,979.9295502,501,979.9295502,0.141430449
983.2401227,0.000280437,655.4933921,-0.425089886,983.2401227,-0.151403254,983.2401227,501,983.2401227,0.140498968
986.5506952,0.00027859,657.7004405,-0.421736428,986.5506952,-0.150327224,986.5506952,501,986.5506952,0.139573622
989.8612676,0.000276755,659.907489,-0.418394179,989.8612676,-0.149259426,989.8612676,501,989.8612676,0.138654369
993.1718401,0.000274932,662.1145374,-0.415063064,993.1718401,-0.148199789,993.1718401,501,993.1718401,0.137741172
996.4824126,0.000273122,664.3215859,-0.411743007,996.4824126,-0.147148241,996.4824126,501,996.4824126,0.136833988
999.792985,0.000271323,666.5286344,-0.408433938,999.792985,-0.146104712,999.792985,501,999.792985,0.13593278
1003.103557,0.000269536,668.7356828,-0.405135782,1003.103557,-0.145069134,1003.103557,501,1003.103557,0.135037507
1006.41413,0.000267761,670.9427313,-0.401848468,1006.41413,-0.144041436,1006.41413,501,1006.41413,0.13414813
1009.724702,0.000265997,673.1497797,-0.398571925,1009.724702,-0.143021552,1009.724702,501,1009.724702,0.133264611
1013.035275,0.000264245,675.3568282,-0.395306083,1013.035275,-0.142009414,1013.035275,501,1013.035275,0.132386911
1016.345847,0.000262505,677.5638767,-0.392050871,1016.345847,-0.141004955,1016.345847,501,1016.345847,0.131514992
1019.65642,0.000260776,679.7709251,-0.388806222,1019.65642,-0.14000811,1019.65642,501,1019.65642,0.130648815
1022.966992,0.000259059,681.9779736,-0.385572067,1022.966992,-0.139018813,1022.966992,501,1022.966992,0.129788343
1026.277565,0.000257352,684.185022,-0.382348337,1026.277565,-0.138037,1026.277565,501,1026.277565,0.128933538
1029.588137,0.000255657,686.3920705,-0.379134967,1029.588137,-0.137062607,1029.588137,501,1029.588137,0.128084364
1032.89871,0.000253974,688.5991189,-0.375931889,1032.89871,-0.13609557,1032.89871,501,1032.89871,0.127240781
1036.209282,0.000252301,690.8061674,-0.372739038,1036.209282,-0.135135828,1036.209282,501,1036.209282,0.126402755
1039.519855,0.000250639,693.0132159,-0.36955635,1039.519855,-0.134183317,1039.519855,501,1039.519855,0.125570248
1042.830427,0.000248988,695.2202643,-0.366383758,1042.830427,-0.133237978,1042.830427,501,1042.830427,0.124743224
1046.141,0.000247349,697.4273128,-0.3632212,1046.141,-0.132299749,1046.141,501,1046.141,0.123921648
1049.451572,0.00024572,699.6343612,-0.360068612,1049.451572,-0.131368569,1049.451572,501,1049.451572,0.123105482
1052.762144,0.000244101,701.8414097,-0.356925932,1052.762144,-0.130444381,1052.762144,501,1052.762144,0.122294691
1056.072717,0.000242493,704.0484581,-0.353793098,1056.072717,-0.129527124,1056.072717,501,1056.072717,0.121489241
1059.383289,0.000240896,706.2555066,-0.350670047,1059.383289,-0.128616741,1059.383289,501,1059.383289,0.120689095
1062.693862,0.00023931,708.4625551,-0.347556719,1062.693862,-0.127713173,1062.693862,501,1062.693862,0.119894219
1066.004434,0.000237734,710.6696035,-0.344453055,1066.004434,-0.126816364,1066.004434,501,1066.004434,0.119104578
1069.315007,0.000236168,712.876652,-0.341358993,1069.315007,-0.125926258,1069.315007,501,1069.315007,0.118320138
1072.625579,0.000234613,715.0837004,-0.338274475,1072.625579,-0.125042797,1072.625579,501,1072.625579,0.117540865
1075.936152,0.000233067,717.2907489,-0.335199441,1075.936152,-0.124165927,1075.936152,501,1075.936152,0.116766724
1079.246724,0.000231532,719.4977974,-0.332133835,1079.246724,-0.123295593,1079.246724,501,1079.246724,0.115997681
1082.557297,0.000230007,721.7048458,-0.329077598,1082.557297,-0.122431741,1082.557297,501,1082.557297,0.115233704
1085.867869,0.000228493,723.9118943,-0.326030673,1085.867869,-0.121574316,1085.867869,501,1085.867869,0.114474758
1089.178442,0.000226988,726.1189427,-0.322993004,1089.178442,-0.120723266,1089.178442,501,1089.178442,0.11372081
1092.489014,0.000225493,728.3259912,-0.319964534,1092.489014,-0.119878537,1092.489014,501,1092.489014,0.112971829
1095.799587,0.000224008,730.5330396,-0.316945208,1095.799587,-0.119040078,1095.799587,501,1095.799587,0.11222778
1099.110159,0.000222532,732.7400881,-0.313934971,1099.110159,-0.118207836,1099.110159,501,1099.110159,0.111488632
1102.420731,0.000221067,734.9471366,-0.310933768,1102.420731,-0.117381761,1102.420731,501,1102.420731,0.110754351
1105.731304,0.000219611,737.154185,-0.307941545,1105.731304,-0.116561802,1105.731304,501,1105.731304,0.110024907
1109.041876,0.000218164,739.3612335,-0.30495825,1109.041876,-0.115747908,1109.041876,501,1109.041876,0.109300267
1112.352449,0.000216727,741.5682819,-0.301983827,1112.352449,-0.114940031,1112.352449,501,1112.352449,0.1085804
1115.663021,0.0002153,743.7753304,-0.299018226,1115.663021,-0.114138119,1115.663021,501,1115.663021,0.107865274
1118.973594,0.000213882,745.9823789,-0.296061394,1118.973594,-0.113342125,1118.973594,501,1118.973594,0.107154857
1122.284166,0.000212473,748.1894273,-0.293113278,1122.284166,-0.112552001,1122.284166,501,1122.284166,0.10644912
1125.594739,0.000211074,750.3964758,-0.290173829,1125.594739,-0.111767698,1125.594739,501,1125.594739,0.10574803
1128.905311,0.000209684,752.6035242,-0.287242995,1128.905311,-0.11098917,1128.905311,501,1128.905311,0.105051559
1132.215884,0.000208303,754.8105727,-0.284320725,1132.215884,-0.110216368,1132.215884,501,1132.215884,0.104359674
1135.526456,0.000206931,757.0176211,-0.28140697,1135.526456,-0.109449248,1135.526456,501,1135.526456,0.103672346
1138.837029,0.000205568,759.2246696,-0.27850168,1138.837029,-0.108687761,1138.837029,501,1138.837029,0.102989545
1142.147601,0.000204214,761.4317181,-0.275604807,1142.147601,-0.107931864,1142.147601,501,1142.147601,0.102311241
1145.458174,0.000202869,763.6387665,-0.272716301,1145.458174,-0.107181511,1145.458174,501,1145.458174,0.101637404
1148.768746,0.000201533,765.845815,-0.269836115,1148.768746,-0.106436656,1148.768746,501,1148.768746,0.100968006
1152.079319,0.000200206,768.0528634,-0.2669642,1152.079319,-0.105697256,1152.079319,501,1152.079319,0.100303016
1155.389891,0.000198887,770.2599119,-0.26410051,1155.389891,-0.104963267,1155.389891,501,1155.389891,0.099642405
1158.700463,0.000197577,772.4669604,-0.261244996,1158.700463,-0.104234645,1158.700463,501,1158.700463,0.098986146
1162.011036,0.000196276,774.6740088,-0.258397614,1162.011036,-0.103511348,1162.011036,501,1162.011036,0.098334209
1165.321608,0.000194983,776.8810573,-0.255558316,1165.321608,-0.102793331,1165.321608,501,1165.321608,0.097686566
1168.632181,0.000193699,779.0881057,-0.252727057,1168.632181,-0.102080554,1168.632181,501,1168.632181,0.097043188
1171.942753,0.000192423,781.2951542,-0.249903792,1171.942753,-0.101372974,1171.942753,501,1171.942753,0.096404047
1175.253326,0.000191156,783.5022026,-0.247088475,1175.253326,-0.100670549,1175.253326,501,1175.253326,0.095769116
1178.563898,0.000189897,785.7092511,-0.244281061,1178.563898,-0.099973239,1178.563898,501,1178.563898,0.095138367
1181.874471,0.000188646,787.9162996,-0.241481507,1181.874471,-0.099281002,1181.874471,501,1181.874471,0.094511772
1185.185043,0.000187404,790.123348,-0.238689769,1185.185043,-0.098593799,1185.185043,501,1185.185043,0.093889304
1188.495616,0.00018617,792.3303965,-0.235905803,1188.495616,-0.097911589,1188.495616,501,1188.495616,0.093270935
1191.806188,0.000184943,794.5374449,-0.233129566,1191.806188,-0.097234333,1191.806188,501,1191.806188,0.092656639
1195.116761,0.000183725,796.7444934,-0.230361015,1195.116761,-0.096561991,1195.116761,501,1195.116761,0.092046389
1198.427333,0.000182515,798.9515419,-0.227600107,1198.427333,-0.095894525,1198.427333,501,1198.427333,0.091440159
1201.737906,0.000181313,801.1585903,-0.224846802,1201.737906,-0.095231895,1201.737906,501,1201.737906,0.09083792
1205.048478,0.000180119,803.3656388,-0.222101056,1205.048478,-0.094574064,1205.048478,501,1205.048478,0.090239649
1208.35905,0.000178933,805.5726872,-0.219362828,1208.35905,-0.093920994,1208.35905,501,1208.35905,0.089645317
1211.669623,0.000177754,807.7797357,-0.216632079,1211.669623,-0.093272647,1211.669623,501,1211.669623,0.0890549
1214.980195,0.000176584,809.9867841,-0.213908765,1214.980195,-0.092628987,1214.980195,501,1214.980195,0.088468372
1218.290768,0.000175421,812.1938326,-0.211192848,1218.290768,-0.091989975,1218.290768,501,1218.290768,0.087885706
1221.60134,0.000174265,814.4008811,-0.208484288,1221.60134,-0.091355576,1221.60134,501,1221.60134,0.087306878
1224.911913,0.000173117,816.6079295,-0.205783043,1224.911913,-0.090725753,1224.911913,501,1224.911913,0.086731863
1228.222485,0.000171977,818.814978,-0.203089076,1228.222485,-0.090100471,1228.222485,501,1228.222485,0.086160634
1231.533058,0.000170845,821.0220264,-0.200402347,1231.533058,-0.089479695,1231.533058,501,1231.533058,0.085593168
1234.84363,0.000169719,823.2290749,-0.197722817,1234.84363,-0.088863388,1234.84363,501,1234.84363,0.085029439
1238.154203,0.000168602,825.4361233,-0.195050448,1238.154203,-0.088251516,1238.154203,501,1238.154203,0.084469423
1241.464775,0.000167491,827.6431718,-0.192385201,1241.464775,-0.087644044,1241.464775,501,1241.464775,0.083913095
1244.775348,0.000166388,829.8502203,-0.189727039,1244.775348,-0.087040938,1244.775348,501,1244.775348,0.083360431
1248.08592,0.000165292,832.0572687,-0.187075924,1248.08592,-0.086442165,1248.08592,501,1248.08592,0.082811407
1251.396493,0.000164204,834.2643172,-0.184431819,1251.396493,-0.08584769,1251.396493,501,1251.396493,0.082265999
1254.707065,0.000163122,836.4713656,-0.181794686,1254.707065,-0.08525748,1254.707065,501,1254.707065,0.081724183
1258.017637,0.000162048,838.6784141,-0.17916449,1258.017637,-0.084671501,1258.017637,501,1258.017637,0.081185936
1261.32821,0.000160981,840.8854626,-0.176541194,1261.32821,-0.084089722,1261.32821,501,1261.32821,0.080651234
1264.638782,0.00015992,843.092511,-0.173924761,1264.638782,-0.08351211,1264.638782,501,1264.638782,0.080120053
1267.949355,0.000158867,845.2995595,-0.171315156,1267.949355,-0.082938632,1267.949355,501,1267.949355,0.079592371
1271.259927,0.000157821,847.5066079,-0.168712344,1271.259927,-0.082369256,1271.259927,501,1271.259927,0.079068164
1274.5705,0.000156781,849.7136564,-0.166116288,1274.5705,-0.081803951,1274.5705,501,1274.5705,0.07854741
1277.881072,0.000155749,851.9207048,-0.163526955,1277.881072,-0.081242686,1277.881072,501,1277.881072,0.078030085
1281.191645,0.000154723,854.1277533,-0.160944309,1281.191645,-0.080685429,1281.191645,501,1281.191645,0.077516167
1284.502217,0.000153704,856.3348018,-0.158368316,1284.502217,-0.080132149,1284.502217,501,1284.502217,0.077005635
1287.81279,0.000152692,858.5418502,-0.155798941,1287.81279,-0.079582817,1287.81279,501,1287.81279,0.076498465
1291.123362,0.000151686,860.7488987,-0.153236152,1291.123362,-0.079037401,1291.123362,501,1291.123362,0.075994635
1294.433935,0.000150687,862.9559471,-0.150679913,1294.433935,-0.078495871,1294.433935,501,1294.433935,0.075494123
1297.744507,0.000149694,865.1629956,-0.148130192,1297.744507,-0.077958198,1297.744507,501,1297.744507,0.074996908
1301.05508,0.000148709,867.3700441,-0.145586956,1301.05508,-0.077424353,1301.05508,501,1301.05508,0.074502967
1304.365652,0.000147729,869.5770925,-0.143050171,1304.365652,-0.076894306,1304.365652,501,1304.365652,0.07401228
1307.676224,0.000146756,871.784141,-0.140519805,1307.676224,-0.076368027,1307.676224,501,1307.676224,0.073524824
1310.986797,0.00014579,873.9911894,-0.137995826,1310.986797,-0.075845489,1310.986797,501,1310.986797,0.073040579
1314.297369,0.000144829,876.1982379,-0.135478201,1314.297369,-0.075326663,1314.297369,501,1314.297369,0.072559523
1317.607942,0.000143876,878.4052863,-0.132966899,1317.607942,-0.07481152,1317.607942,501,1317.607942,0.072081636
1320.918514,0.000142928,880.6123348,-0.130461888,1320.918514,-0.074300032,1320.918514,501,1320.918514,0.071606896
1324.229087,0.000141987,882.8193833,-0.127963136,1324.229087,-0.073792172,1324.229087,501,1324.229087,0.071135282
1327.539659,0.000141051,885.0264317,-0.125470612,1327.539659,-0.073287912,1327.539659,501,1327.539659,0.070666775
1330.850232,0.000140122,887.2334802,-0.122984286,1330.850232,-0.072787225,1330.850232,501,1330.850232,0.070201353
1334.160804,0.0001392,889.4405286,-0.120504126,1334.160804,-0.072290084,1334.160804,501,1334.160804,0.069738997
1337.471377,0.000138283,891.6475771,-0.118030102,1337.471377,-0.071796462,1337.471377,501,1337.471377,0.069279686
1340.781949,0.000137372,893.8546256,-0.115562183,1340.781949,-0.071306331,1340.781949,501,1340.781949,0.0688234
1344.092522,0.000136467,896.061674,-0.113100341,1344.092522,-0.070819667,1344.092522,501,1344.092522,0.068370119
1347.403094,0.000135569,898.2687225,-0.110644544,1347.403094,-0.070336442,1347.403094,501,1347.403094,0.067919824
1350.713667,0.000134676,900.4757709,-0.108194763,1350.713667,-0.069856631,1350.713667,501,1350.713667,0.067472494
1354.024239,0.000133789,902.6828194,-0.105750969,1354.024239,-0.069380207,1354.024239,501,1354.024239,0.06702811
1357.334811,0.000132907,904.8898678,-0.103313133,1357.334811,-0.068907147,1357.334811,501,1357.334811,0.066586653
1360.645384,0.000132032,907.0969163,-0.100881225,1360.645384,-0.068437423,1360.645384,501,1360.645384,0.066148104
1363.955956,0.000131163,909.3039648,-0.098455217,1363.955956,-0.067971011,1363.955956,501,1363.955956,0.065712443
1367.266529,0.000130299,911.5110132,-0.09603508,1367.266529,-0.067507887,1367.266529,501,1367.266529,0.065279651
1370.577101,0.000129441,913.7180617,-0.093620786,1370.577101,-0.067048025,1370.577101,501,1370.577101,0.06484971
1373.887674,0.000128588,915.9251101,-0.091212307,1373.887674,-0.066591401,1373.887674,501,1373.887674,0.064422601
1377.198246,0.000127741,918.1321586,-0.088809615,1377.198246,-0.066137991,1377.198246,501,1377.198246,0.063998304
1380.508819,0.0001269,920.339207,-0.086412682,1380.508819,-0.06568777,1380.508819,501,1380.508819,0.063576802
1383.819391,0.000126064,922.5462555,-0.084021481,1383.819391,-0.065240715,1383.819391,501,1383.819391,0.063158076
1387.129964,0.000125234,924.753304,-0.081635983,1387.129964,-0.064796803,1387.129964,501,1387.129964,0.062742108
1390.440536,0.000124409,926.9603524,-0.079256163,1390.440536,-0.064356009,1390.440536,501,1390.440536,0.062328879
1393.751109,0.00012359,929.1674009,-0.076881993,1393.751109,-0.06391831,1393.751109,501,1393.751109,0.061918372
1397.061681,0.000122776,931.3744493,-0.074513446,1397.061681,-0.063483684,1397.061681,501,1397.061681,0.061510569
1400.372254,0.000121967,933.5814978,-0.072150496,1400.372254,-0.063052108,1400.372254,501,1400.372254,0.061105451
1403.682826,0.000121164,935.7885463,-0.069793116,1403.682826,-0.062623558,1403.682826,501,1403.682826,0.060703002
1406.993398,0.000120366,937.9955947,-0.067441281,1406.993398,-0.062198012,1406.993398,501,1406.993398,0.060303203
1410.303971,0.000119573,940.2026432,-0.065094963,1410.303971,-0.061775449,1410.303971,501,1410.303971,0.059906038
1413.614543,0.000118785,942.4096916,-0.062754138,1413.614543,-0.061355845,1413.614543,501,1413.614543,0.059511488
1416.925116,0.000118003,944.6167401,-0.06041878,1416.925116,-0.060939179,1416.925116,501,1416.925116,0.059119536
1420.235688,0.000117226,946.8237885,-0.058088863,1420.235688,-0.060525429,1420.235688,501,1420.235688,0.058730167
1423.546261,0.000116454,949.030837,-0.055764362,1423.546261,-0.060114573,1423.546261,501,1423.546261,0.058343361
1426.856833,0.000115687,951.2378855,-0.053445251,1426.856833,-0.059706591,1426.856833,501,1426.856833,0.057959103
1430.167406,0.000114925,953.4449339,-0.051131506,1430.167406,-0.05930146,1430.167406,501,1430.167406,0.057577376
1433.477978,0.000114168,955.6519824,-0.048823103,1433.477978,-0.05889916,1433.477978,501,1433.477978,0.057198163
1436.788551,0.000113416,957.8590308,-0.046520016,1436.788551,-0.05849967,1436.788551,501,1436.788551,0.056821448
1440.099123,0.000112669,960.0660793,-0.044222221,1440.099123,-0.058102968,1440.099123,501,1440.099123,0.056447214
1443.409696,0.000111927,962.2731278,-0.041929693,1443.409696,-0.057709036,1443.409696,501,1443.409696,0.056075444
1446.720268,0.00011119,964.4801762,-0.039642409,1446.720268,-0.057317851,1446.720268,501,1446.720268,0.055706123
1450.030841,0.000110458,966.6872247,-0.037360345,1450.030841,-0.056929394,1450.030841,501,1450.030841,0.055339235
1453.341413,0.00010973,968.8942731,-0.035083477,1453.341413,-0.056543645,1453.341413,501,1453.341413,0.054974762
1456.651985,0.000109007,971.1013216,-0.032811782,1456.651985,-0.056160584,1456.651985,501,1456.651985,0.054612691
1459.962558,0.000108289,973.30837,-0.030545235,1459.962558,-0.055780191,1459.962558,501,1459.962558,0.054253004
1463.27313,0.000107576,975.5154185,-0.028283814,1463.27313,-0.055402447,1463.27313,501,1463.27313,0.053895685
1466.583703,0.000106868,977.722467,-0.026027495,1466.583703,-0.055027332,1466.583703,501,1466.583703,0.053540721
1469.894275,0.000106164,979.9295154,-0.023776256,1469.894275,-0.054654826,1469.894275,501,1469.894275,0.053188094
1473.204848,0.000105465,982.1365639,-0.021530074,1473.204848,-0.054284911,1473.204848,501,1473.204848,0.052837789
1476.51542,0.00010477,984.3436123,-0.019288925,1476.51542,-0.053917568,1476.51542,501,1476.51542,0.052489792
1479.825993,0.00010408,986.5506608,-0.017052788,1479.825993,-0.053552778,1479.825993,501,1479.825993,0.052144087
1483.136565,0.000103395,988.7577093,-0.014821641,1483.136565,-0.053190523,1483.136565,501,1483.136565,0.051800658
1486.447138,0.000102714,990.9647577,-0.01259546,1486.447138,-0.052830783,1486.447138,501,1486.447138,0.051459491
1489.75771,0.000102037,993.1718062,-0.010374224,1489.75771,-0.05247354,1489.75771,501,1489.75771,0.051120572
1493.068283,0.000101365,995.3788546,-0.008157911,1493.068283,-0.052118776,1493.068283,501,1493.068283,0.050783884
1496.378855,0.000100697,997.5859031,-0.005946499,1496.378855,-0.051766474,1496.378855,501,1496.378855,0.050449414
1499.689428,0.000100034,999.7929515,-0.003739967,1499.689428,-0.051416615,1499.689428,501,1499.689428,0.050117147
1503,9.94E-05,1002,-0.001538293,1503,-0.051069181,1503,501,1503,0.049787068
