SN,Setting1,Setting2,Setting3,Setting4,Setting5,BDate,FileDate,TUT,Hrs/Day
1.11136E+14,0.00641931,0.247203855,0.268080117,0.027638466,0.450659167,12/15/2015,10/31/2017,606.7630556,0.88449425
1.1136E+13,0.58768191,0.328626339,0.065501241,0.004842425,0.013347613,,1/31/2018,587.9744444,#N/A
1.1136E+13,0,0.014635072,0.953566849,0.004679036,0.027117735,8/5/2015,12/7/2017,212.2944444,0.248297596
1.1136E+13,1.64E-05,0.285073579,0.71001263,1.02E-06,0.004895368,,8/19/2017,271.4016667,#N/A
1.1136E+13,0,0.000564761,0.959239328,0.030666156,0.009529755,9/25/2015,3/23/2018,956.1572222,1.050722222
1.1136E+13,4.72E-06,0.119684645,0.745572185,0.115152102,0.019585168,9/25/2015,9/26/2017,235.3963889,0.321579766
1.1136E+13,0.000384776,0.967078703,0.016912496,2.47E-05,0.015598138,5/28/2015,9/1/2016,236.0680556,0.510969817
1.1136E+13,0.001940096,0.058058383,0.565181288,0.172667183,0.202154433,,9/22/2017,401.7555556,#N/A
1.1136E+13,0.6583181,0.111805069,0.088963064,0.038557781,0.102354533,5/29/2015,10/6/2017,382.3122222,0.444032778
1.1136E+13,0.000929969,0.034129314,0.778577277,0.10941597,0.076947471,5/26/2015,5/2/2018,4307.790833,4.018461598
1.1136E+13,0.006709095,0.067107702,0.064244682,0.814263102,0.047675267,5/26/2015,11/2/2017,3630.685278,4.074843185
1.1136E+13,0.001806505,0.201161766,0.765014233,0.001064272,0.030952121,5/27/2015,3/24/2018,251.8675,0.244057655
1.1136E+13,0.002103054,0.760060495,0.233870292,0.001449982,0.002516615,5/27/2015,2/19/2018,1268.789722,1.270059782
1.1136E+13,0.004943833,0.057882723,0.51539673,0.082772232,0.339003707,,11/27/2017,358.7522222,#N/A
1.1136E+13,0.045828048,0.807547037,0.12094729,0.014431906,0.011245262,5/30/2015,12/29/2017,608.355,0.644443856
1.1136E+13,0.00539987,0.985593749,0.005519896,6.38E-07,0.003486485,6/2/2015,8/4/2017,435.0927778,0.547975791
1.1136E+13,0.00088866,0.903196048,0.088826764,0.000312612,0.006775596,6/5/2015,2/26/2018,869.9111111,0.872528697
1.1136E+13,0.003566197,0.13354357,0.834344644,0.026679035,0.001867055,6/8/2015,12/22/2017,1110.037222,1.1961608
1.1136E+13,7.55E-06,0.142631894,0.140364947,0.507744773,0.209253856,,10/14/2017,183.9233333,#N/A
1.1136E+13,8.81E-07,0.061596313,0.109175158,0.135028073,0.694198693,6/9/2015,8/3/2017,315.2019444,0.401020286
1.1136E+13,4.27E-05,0.316300807,0.250527459,7.76E-06,0.433125194,,8/9/2016,71.62222222,#N/A
1.1136E+13,0.240536774,0.677262329,0.064666068,1.28E-05,0.017523333,,4/26/2018,217.4719444,#N/A
1.1136E+13,0.004015991,0.16032371,0.476025566,0.001008554,0.358626179,6/16/2015,1/10/2018,91.44,0.097380192
1.1136E+13,0.010153136,0.044207435,0.328002826,0.061417862,0.556216533,6/17/2015,4/11/2018,125.7958333,0.122250567
1.1136E+13,0.001255592,0.873413442,0.099124764,0.016215881,0.009990321,7/1/2015,5/10/2018,551.3113889,0.528076043
1.1136E+13,0.003622258,0.912404237,0.077085438,0.000396704,0.006490779,2/29/2016,1/23/2018,476.1455556,0.686088697
1.1136E+13,0.013593782,0.936502336,0.020256847,0.000443457,0.029203578,6/19/2015,10/3/2017,916.4116667,1.094876543
1.1136E+13,0,0.018784775,0.587485572,6.36E-05,0.393667448,6/19/2015,8/10/2017,200.9458333,0.256635802
1.1136E+13,0.013334705,0.504614184,0.396070113,0.02730978,0.058670292,,8/11/2017,299.74,#N/A
1.1136E+13,1.64E-06,0.950936115,0.034569926,1.35E-05,0.014478509,2/29/2016,10/21/2016,845.0263889,3.595856974
1.1136E+13,0.108247327,0.285407896,0.548237404,0.044820279,0.013286404,6/23/2015,2/10/2018,402.0191667,0.417465386
1.1136E+13,0.003059282,0.465530746,0.474942799,0.047467771,0.008998544,6/24/2015,8/2/2017,323.7869444,0.420502525
1.1136E+13,0.003498489,0.489125636,0.467648176,0.028606777,0.01112202,6/24/2015,10/5/2017,505.8533333,0.606538769
1.1136E+13,0,0.001671105,0.001873268,0.875835878,0.120618881,6/24/2015,3/15/2018,320.1475,0.321756281
1.1136E+13,1.33E-06,0.002633488,0.872633872,0.108002169,0.016729145,,1/19/2018,209.4813889,#N/A
1.1136E+13,0.017774064,0.199815985,0.229004854,0.13052737,0.42288423,,11/14/2016,85.43972222,#N/A
1.1136E+13,4.47E-05,0.425076271,0.021557222,0.508242007,0.045078664,6/27/2015,5/1/2018,248.4730556,0.239146348
1.1136E+13,0.002865192,0.18604861,0.336848867,0.214960342,0.259278193,,10/7/2017,230.9327778,#N/A
1.1136E+13,0.010997523,0.161248833,0.443645281,0.234135965,0.149970953,,11/2/2017,192.215,#N/A
1.1136E+13,0.001396251,0.00587117,0.990231,4.32E-07,0.00250158,6/29/2015,9/27/2017,642.5938889,0.782696576
1.1136E+13,0.000141129,0.650221578,0.319206866,0.012293706,0.01813707,6/29/2015,3/20/2018,1596.255,1.604276382
1.1136E+13,0.00411833,0.921828664,0.047831145,0.00322892,0.022995272,6/30/2015,10/16/2017,238.2977778,0.284025957
1.1136E+13,0.000909328,0.007576131,0.052501973,0.840500046,0.098511321,7/1/2015,4/27/2018,231.2452778,0.224292219
1.1136E+13,4.78E-05,0.122069185,0.156586123,3.98E-05,0.721253135,,1/24/2017,69.78055556,#N/A
1.1136E+13,0.009333719,0.109115574,0.842655976,0.002107173,0.036785604,7/6/2015,10/4/2017,142.1072222,0.173090405
1.1136E+13,2.71E-05,0.022771696,0.336615116,0.137581881,0.50300119,7/7/2015,8/15/2017,92.23194444,0.119781746
1.1136E+13,6.19E-05,0.005938519,0.625527604,0.320506014,0.0479658,7/7/2015,12/19/2017,1508.325833,1.683399368
1.1136E+13,0.018541178,0.18547134,0.143321223,0.410745708,0.241917844,,8/10/2017,102.6094444,#N/A
1.1136E+13,0.011324779,0.302958026,0.567869139,0.08182607,0.036020303,,3/21/2018,330.0530556,#N/A
1.1136E+13,0.020824305,0.008433362,0.907885354,0.016655775,0.046203497,7/13/2015,7/13/2017,242.2916667,0.331452348
1.1136E+13,0.001461259,0.711459567,0.022367152,0.239899184,0.024817233,,7/18/2017,126.4130556,#N/A
1.1136E+13,0.098962499,0.651936486,0.135375816,0.003886194,0.109838199,,10/14/2016,344.5244444,#N/A
1.1136E+13,0.000569677,0.865726329,0.101058527,0.00784416,0.024805006,,10/7/2017,150.1825,#N/A
1.1136E+13,0.007860454,0.065321592,0.446443918,0.31882122,0.161552817,7/15/2015,5/1/2018,154.5005556,0.151322777
1.1136E+13,0.039737983,0.641859013,0.277299287,0.003063875,0.038041966,7/16/2015,7/21/2017,261.5605556,0.35538119
1.1136E+13,0.01777246,0.296904775,0.614997564,0.023665256,0.046664769,7/16/2015,2/23/2018,115.1594444,0.120838871
1.1136E+13,0.00306095,0.015811398,0.919995074,0.03581749,0.025314548,7/16/2015,1/27/2018,514.2738889,0.55537137
1.1136E+13,0.015609936,0.857237965,0.088807509,0.002000684,0.036343054,,12/14/2017,325.8608333,#N/A
1.1136E+13,8.22E-06,0.552756963,0.421340603,5.48E-06,0.025888735,,1/23/2018,101.3847222,#N/A
1.1136E+13,0.004879441,0.37512443,0.589540413,0.009297822,0.021157895,7/22/2015,11/3/2017,420.5286111,0.503627079
1.1136E+13,0.00555436,0.337679542,0.619694443,3.70E-05,0.037031309,7/22/2015,10/13/2017,82.61777778,0.101496041
1.1136E+13,0.008261305,0.691330737,0.284407181,0.006561397,0.009439044,,2/21/2018,826.6786111,#N/A
1.1136E+13,0.008701848,0.787187078,0.19340635,0.001160305,0.009543534,,11/4/2016,313.8541667,#N/A
1.1136E+13,0.073586887,0.524491554,0.361298178,0.029879737,0.010744105,7/25/2015,7/20/2017,1205.415556,1.660352005
1.1136E+13,0.001729385,0.096784668,0.774821389,0.123022761,0.003642356,7/29/2015,4/20/2018,994.0911111,0.998083445
1.1136E+13,0.004536457,0.011798182,0.122863358,6.79E-06,0.860795702,,9/19/2017,573.1344444,#N/A
1.1136E+13,3.27E-06,0.284366032,0.383444707,0.316493058,0.015692934,,11/26/2017,254.8563889,#N/A
1.1136E+13,0.057254785,0.050690748,0.239277951,0.59455227,0.058224247,7/30/2015,6/8/2016,575.0611111,1.831404812
1.1136E+13,0.012553515,0.656205032,0.148057761,0.105638335,0.07754531,7/30/2015,10/17/2017,5973.625833,7.374846708
1.1136E+13,0.001853069,0.988037612,0.005888694,0,0.00422139,7/30/2015,7/19/2017,363.3611111,0.50466821
1.1136E+13,0.039428678,0.302221834,0.391373084,0.120398997,0.14657709,8/3/2015,11/18/2017,878.7033333,1.048571997
1.1136E+13,0.006240478,0.94893244,0.022532507,8.35E-06,0.022282053,8/3/2015,8/18/2016,66.54583333,0.17466098
1.1136E+13,0.07395261,0.869845001,0.025548151,0.000197865,0.03045785,8/3/2015,1/20/2017,376.2394444,0.701939262
1.1136E+13,0.016531369,0.960866966,0.003579284,1.00E-05,0.01901237,,2/14/2018,471.6958333,#N/A
1.1136E+13,0.075386108,0.843715191,0.079068427,0.000271501,0.001558639,8/3/2015,9/7/2017,2092.280556,2.731436757
1.1136E+13,0.002874045,0.67482163,0.010587726,0.004112056,0.307604033,8/3/2015,8/11/2017,543.6588889,0.735668321
1.1136E+13,0.000334901,0.122567285,0.876675068,3.93E-06,0.00041873,8/3/2015,1/13/2017,3320.221667,6.276411468
1.1136E+13,0.013058604,0.970850051,0.008670184,2.81E-06,0.007421161,8/3/2015,6/22/2016,197.9325,0.610902778
1.1136E+13,0.014425437,0.248380509,0.722556523,1.51E-05,0.014619351,8/3/2015,1/22/2018,91.67833333,0.101526394
1.1136E+13,0,0.93650843,0.059459875,8.71E-07,0.004030824,8/4/2015,2/10/2018,956.5180556,1.038564664
1.1136E+13,0.002012489,0.989600113,0.004084487,2.70E-06,0.004299531,8/4/2015,8/3/2017,410.7683333,0.562696347
1.1136E+13,0.002091913,0.229001066,0.526539446,6.79E-06,0.24236531,8/4/2015,8/25/2016,122.6947222,0.317040626
1.1136E+13,0.010005551,0.348383921,0.624743865,0.007598965,0.009266557,8/4/2015,12/1/2016,243.1983333,0.501439863
1.1136E+13,0.000436116,0.032617713,0.957566069,2.24E-05,0.009356996,8/4/2015,12/28/2017,384.7091667,0.438664956
1.1136E+13,0.001929115,0.018836759,0.012125654,0.025669136,0.941440084,8/4/2015,1/19/2017,742.1363889,1.389768519
1.1136E+13,0.006637409,0.030500254,0.133553218,0.758131346,0.07117849,8/4/2015,8/24/2017,387.4922222,0.515968339
1.1136E+13,0.004819341,0.977797608,0.011972787,8.00E-06,0.005401468,8/4/2015,1/9/2018,347.385,0.39075928
1.1136E+13,0.004107474,0.246622562,0.637498098,0.060726824,0.051044478,8/7/2015,7/10/2016,492.9361111,1.458390861
1.1136E+13,0.001058157,0.364666172,0.352760276,0.178999435,0.102517265,8/7/2015,8/18/2017,212.8963889,0.286922357
1.1136E+13,0.000770871,0.009002175,0.984932775,0.000342524,0.00495089,8/7/2015,1/23/2017,362.505,0.677579439
1.1136E+13,0.000753985,0.989687593,0.004663731,1.55E-05,0.00487812,8/7/2015,9/22/2016,268.2044444,0.650981661
1.1136E+13,0.005790983,0.076148527,0.909733453,3.26E-06,0.008322957,8/7/2015,12/21/2016,340.4238889,0.678135237
1.1136E+13,0.126994601,0.607120942,0.235361805,0.019022009,0.011499824,8/8/2015,10/7/2016,678.5852778,1.592923187
1.1136E+13,0.031110045,0.791277029,0.134807821,0.003174882,0.039625473,8/8/2015,7/6/2016,116.9772222,0.35128295
1.1136E+13,0.000394533,0.020530242,0.97636434,0.000868967,0.001842301,,10/28/2016,726.5975,#N/A
1.1136E+13,0.001787292,0.865532851,0.118585316,0.000784533,0.013310008,8/10/2015,1/26/2017,154.0194444,0.287886812
1.1136E+13,0.000964535,0.117221567,0.150519495,0.140855924,0.590437178,,12/19/2016,213.4016667,#N/A
1.1136E+13,0.000132679,0.004236922,0.784545576,0.209247243,0.00183758,8/10/2015,9/21/2017,5395.229722,6.979598606
1.1136E+13,0.021140433,0.008430133,0.614019757,4.98E-06,0.356404469,8/10/2015,12/20/2017,1226.717222,1.421456804
1.1136E+13,0.011359588,0.007620011,0.936559166,0.027498778,0.016961773,8/10/2015,9/7/2017,406.2402778,0.535230933
1.1136E+13,0.845189829,0.123387261,0.027674149,9.72E-05,0.003651261,8/10/2015,3/21/2018,888.8861111,0.931746448
1.1136E+13,0.020681326,0.846084318,0.101269073,0.019400522,0.0125638,,9/6/2016,288.8811111,#N/A
1.1136E+13,5.29E-06,0.982454037,0.012072053,4.41E-07,0.005467738,,12/19/2016,630.0594444,#N/A
1.1136E+13,0.111885646,0.493371574,0.012951098,0.376736476,0.00505423,8/11/2015,11/10/2016,284.3602778,0.622232555
1.1136E+13,0.000981952,0.964371017,0.030093504,0.000670246,0.003882513,8/12/2015,5/10/2018,361.8075,0.361085329
1.1136E+13,0.000586187,0.00599035,0.17916103,0.04372428,0.77053777,4/7/2016,11/9/2016,726.4461111,3.36317644
1.1136E+13,0.001452415,0.857715159,0.127682879,0.003315817,0.00982974,8/12/2015,10/11/2016,139.2316667,0.326834898
1.1136E+13,0.00220796,0.022799905,0.015114676,0.93875631,0.02111821,8/12/2015,7/10/2016,94.48138889,0.283727895
1.1136E+13,0.012430528,0.944636815,0.020938163,1.75E-05,0.021972579,8/12/2015,9/21/2017,63.37444444,0.082197723
1.1136E+13,0.311688399,0.645033548,0.042260377,3.03E-05,0.000986981,8/13/2015,10/20/2016,1402.706111,3.232041731
1.1136E+13,0.004140414,0.247068706,0.728210028,0.005754153,0.014827645,8/13/2015,12/5/2016,293.3147222,0.611072338
1.1136E+13,0.003582391,0.226760183,0.744664186,0.003598295,0.021402898,8/13/2015,5/10/2018,69.86333333,0.06979354
1.1136E+13,0.000428486,0.378561347,0.616718834,5.83E-05,0.004232475,8/13/2015,5/10/2018,471.9461111,0.471474636
1.1136E+13,0.00270395,0.960232516,0.025700526,0.008457659,0.002905902,8/14/2015,10/11/2016,502.0433333,1.184064465
1.1136E+13,0.028989678,0.463846161,0.362392541,0.120259188,0.024513138,8/17/2015,1/5/2018,392.8505556,0.450516692
1.1136E+13,0.00761485,0.227073399,0.058321239,0.033524932,0.673464956,8/17/2015,12/29/2017,445.1827778,0.514662171
1.1136E+13,7.50E-07,0.098152453,0.545429808,0.3384765,0.01794024,8/17/2015,7/13/2017,1111.669167,1.597225814
1.1136E+13,0.004404972,0.586708436,0.399879596,0.000512026,0.008493419,8/17/2015,11/26/2017,179.0275,0.215177284
1.1136E+13,0.001873917,0.012233616,0.419371856,0.027214035,0.539306001,8/17/2015,6/16/2016,483.3902778,1.590099598
1.1136E+13,0.058532768,0.465078638,0.445617643,0.019255318,0.011513397,8/18/2015,9/7/2017,124.2513889,0.165447921
1.1136E+13,0.001418782,0.033016463,0.537448525,0.093136786,0.334978575,,11/10/2016,319.3272222,#N/A
1.1136E+13,0.005021859,0.414312862,0.251189015,0.229998315,0.099478104,10/5/2016,10/3/2017,1795.428611,4.946084328
1.1136E+13,0.004984323,0.137673598,0.465260564,0.217212402,0.174868753,8/20/2015,8/7/2017,769.8583333,1.072226091
1.1136E+13,0.003121711,0.025257055,0.967735055,0.000439842,0.003447895,8/20/2015,12/28/2016,356.82,0.719395161
1.1136E+13,0.002933575,0.01913671,0.012351895,0.951355016,0.014223475,8/20/2015,11/10/2016,413.7916667,0.923642113
1.1136E+13,0.001616119,0.970219464,0.017357735,0,0.010804463,8/20/2015,7/5/2016,125.1283333,0.391026042
1.1136E+13,0.000953106,0.982473752,0.011630902,2.82E-06,0.00493848,8/20/2015,2/12/2018,295.525,0.325826902
1.1136E+13,0.065965616,0.286114613,0.575200766,0.007651364,0.065067032,8/20/2015,12/14/2016,456.2730556,0.946624597
1.1136E+13,0.000400076,0.050893791,0.534417629,0.363229759,0.051058335,8/21/2015,12/16/2016,676.9544444,1.401561997
1.1136E+13,0.001718675,0.582166332,0.40410313,2.36E-06,0.012011863,,10/24/2016,117.8233333,#N/A
1.1136E+13,0.000540184,0.063780246,0.815744719,0.092450786,0.027485549,8/21/2015,12/19/2016,374.3583333,0.770284636
1.1136E+13,0.007288332,0.940487426,0.034312256,0.003816875,0.014097142,8/21/2015,9/8/2016,273.4202778,0.712031973
1.1136E+13,0.00807325,0.145906655,0.583103368,0.233418469,0.02949961,,12/23/2016,205.4452778,#N/A
1.1136E+13,0.00113468,0.003330671,0.003578817,0.258991658,0.732964014,8/21/2015,9/20/2017,1733.968333,2.278539203
1.1136E+13,0.001162098,0.004587583,0.95042918,0.001110299,0.04271009,8/22/2015,7/28/2016,370.0205556,1.085104268
1.1136E+13,0.027257092,0.450471823,0.181532914,0.127776814,0.212957585,,11/18/2016,73.65055556,#N/A
1.1136E+13,0.006656444,0.058960685,0.903119056,0.017309281,0.013952008,8/22/2015,2/22/2018,109.9602778,0.120175167
1.1136E+13,0.000216331,0.099770367,0.868606883,0.026819422,0.004587294,8/22/2015,10/5/2017,933.4963889,1.20451147
1.1136E+13,0.592857202,0.14429711,0.167150982,0.050122612,0.045572319,8/22/2015,8/19/2017,1236.855833,1.698977793
1.1136E+13,0.001478613,0.985467091,0.010334437,1.24E-06,0.00271846,8/22/2015,10/7/2016,1786.959722,4.337280879
1.1136E+13,0.006004133,0.980050134,0.010658164,5.53E-05,0.003232504,8/22/2015,7/13/2017,1392.281667,2.014879402
1.1136E+13,0.000507792,0.00153724,0.095081184,0.894373142,0.008500641,8/22/2015,10/27/2017,1182.133056,1.483228426
1.1136E+13,0.005338404,0.864343827,0.12839832,5.35E-05,0.001865575,8/24/2015,9/20/2017,804.3394444,1.061133832
1.1136E+13,0.009464435,0.24133219,0.29056547,0.292411223,0.166226023,8/24/2015,1/24/2017,420.7858333,0.810762685
1.1136E+13,0.002095842,0.06782534,0.794122231,0.126619233,0.009336969,8/24/2015,12/12/2017,720.0766667,0.856214824
1.1136E+13,0.010033582,0.7762729,0.174060662,0.003234916,0.03639794,8/24/2015,11/10/2016,67.57861111,0.152204079
1.1136E+13,0.019207279,0.336541941,0.629904255,0.00169509,0.012652503,8/26/2015,3/15/2018,519.6380556,0.557551562
1.1136E+13,0.454159138,0.509075743,0.027217728,0.001457197,0.00808979,,5/13/2016,687.0113889,#N/A
1.1136E+13,0.00099009,0.402315901,0.587222495,0.004289078,0.005182873,8/26/2015,11/16/2017,634.6222222,0.780593139
1.1136E+13,0.000719173,0.925445948,0.072113301,7.52E-07,0.001721201,8/26/2015,1/22/2018,738.5022222,0.839207071
1.1136E+13,0.002085473,0.009552742,0.613397191,0.232166449,0.142799226,8/27/2015,11/20/2017,256.9361111,0.314872685
1.1136E+13,0.014607684,0.122560954,0.43068441,0.41600286,0.016150001,8/27/2015,11/26/2017,94.01444444,0.114372803
1.1136E+13,0.012523509,0.779132567,0.183937376,0.006191227,0.018216591,8/27/2015,11/8/2017,218.5888889,0.271876727
1.1136E+13,0.001512153,0.098933474,0.315684222,0.574529808,0.009339936,8/27/2015,11/27/2017,682.4338889,0.829202781
1.1136E+13,0.027146106,0.036962083,0.853776849,0.036279259,0.045835702,8/27/2015,3/1/2018,89.90444444,0.098041924
1.1136E+13,0.010920938,0.938932818,0.027896685,0.004373116,0.017878814,8/28/2015,5/13/2016,234.3866667,0.904967825
1.1136E+13,0.017142474,0.172692766,0.773802762,0.007557863,0.028802039,4/18/2016,7/17/2017,132.5330556,0.291281441
1.1136E+13,0.009124515,0.28594247,0.695241749,0.000713451,0.008976904,8/28/2015,7/17/2017,304.8563889,0.442462103
1.1136E+13,0.046702924,0.320909258,0.61731555,0.007019306,0.008052489,8/28/2015,8/16/2017,586.9130556,0.816290759
1.1136E+13,0.858731511,0.093980984,0.040876176,1.98E-06,0.006408861,,8/7/2017,562.5458333,#N/A
1.1136E+13,0.003162803,0.971943345,0.013389839,0.003473635,0.008033583,8/28/2015,7/7/2016,173.3694444,0.552131989
1.1136E+13,1.05E-06,0.001494109,0.994254794,5.93E-06,0.004243773,,5/3/2018,796.4611111,#N/A
1.1136E+13,0.003407388,0.076435089,0.257296401,0.6552927,0.007568268,9/3/2015,4/6/2018,1799.031944,1.9017251
1.1136E+13,0.005461271,0.904967432,0.048346044,0.023500653,0.017723941,9/3/2015,6/3/2016,421.8086111,1.539447486
1.1136E+13,0.153355763,0.163162073,0.626153568,0.02276479,0.034571667,9/3/2015,3/1/2018,70.67444444,0.077664225
1.1136E+13,0.001663775,0.287167909,0.153477152,0.549456698,0.008233935,9/3/2015,11/21/2016,523.2411111,1.175822722
1.1136E+13,0.002516358,0.354396487,0.631948673,5.00E-05,0.011087481,,7/8/2016,272.3291667,#N/A
1.1136E+13,0.019064612,0.284731964,0.609981733,0.073535798,0.012685342,9/4/2015,12/14/2016,504.7163889,1.080763145
1.1136E+13,0.037275294,0.642558496,0.285229143,0.012806197,0.022129256,9/4/2015,9/25/2017,344.2777778,0.457816194
1.1136E+13,0.005212209,0.032455677,0.918122898,0.001223075,0.042984374,9/4/2015,1/30/2018,157.1630556,0.17879756
1.1136E+13,0.139557384,0.396822429,0.427120162,0.024227849,0.012271015,9/4/2015,3/28/2018,478.3177778,0.511023267
1.1136E+13,0.02364997,0.259113658,0.335515958,0.351895034,0.02983164,9/4/2015,11/4/2016,88.74805556,0.20784088
1.1136E+13,0.030732574,0.23435972,0.725419492,0.006344166,0.003144416,9/4/2015,8/28/2017,753.0102778,1.040069444
1.1136E+13,0.000356176,0.001694731,0.19245479,0.605511315,0.199982626,9/4/2015,9/16/2016,767.4111111,2.030188125
1.1136E+13,0.1017342,0.86392012,0.02545284,0.002673936,0.006220387,9/9/2015,8/18/2016,374.3961111,1.088360788
1.1136E+13,0.002540687,0.984763533,0.008483451,0.001103608,0.003108414,9/9/2015,9/1/2017,907.1255556,1.254668818
1.1136E+13,0.006774962,0.036708616,0.148984704,0.77949422,0.02803655,9/9/2015,12/21/2016,292.9905556,0.624713338
1.1136E+13,0.004541097,0.034197433,0.034479469,0.185911245,0.740871275,9/9/2015,1/29/2018,535.7858333,0.613729477
1.1136E+13,0.010691812,0.62428015,0.06348068,0.009931216,0.291615272,9/9/2015,11/1/2017,319.5591667,0.407600978
1.1136E+13,0.000239348,0.000764515,0.998399714,0.000128614,0.000467986,9/9/2015,7/6/2016,3138.155,10.42576412
1.1136E+13,0.006353852,0.963985487,0.006447758,0.001587853,0.02162505,9/9/2015,4/4/2018,227.7708333,0.242826048
1.1136E+13,0.005874732,0.103387051,0.145537605,0.431396571,0.313804041,9/9/2015,11/14/2017,871.1036111,1.092978182
1.1136E+13,0.001401489,0.007324655,0.010717835,0.552613518,0.42794058,,8/25/2016,144.4891667,#N/A
1.1136E+13,0.018738981,0.019487368,0.908310562,0.023415736,0.03004469,9/10/2015,1/22/2018,104.2983333,0.120576108
1.1136E+13,0.015299073,0.600725084,0.036728312,0.010215346,0.337029791,9/10/2015,4/5/2018,116.0019444,0.12366945
1.1136E+13,0.000774138,0.009539662,0.323822181,0.657168672,0.00869754,,5/13/2016,126.6641667,#N/A
1.1136E+13,0.001202021,0.986619312,0.004712818,0.00117383,0.006291534,9/10/2015,8/26/2016,571.4911111,1.628179804
1.1136E+13,7.80E-06,0.68925282,0.285557684,7.80E-05,0.025103672,9/10/2015,4/5/2018,71.20472222,0.075911218
1.1136E+13,0.005673555,0.134165828,0.752319257,0.094801432,0.013038711,9/10/2015,11/10/2016,228.2519444,0.534547879
1.1136E+13,0.08608136,0.713279959,0.168240581,0.013803998,0.018593473,9/10/2015,8/2/2017,442.9272222,0.64006824
1.1136E+13,0.003205766,0.089523907,0.677874008,0.073266094,0.156130225,9/10/2015,4/4/2018,129.8008333,0.138528104
1.1136E+13,0.003961533,0.005599766,0.966520621,0.013146929,0.01077058,9/10/2015,7/26/2017,486.9747222,0.710912003
1.1136E+13,0.055849526,0.884286049,0.041736432,0.00365867,0.014468378,,8/30/2016,293.9744444,#N/A
1.1136E+13,0.00252185,0.007555479,0.626989862,0.136772506,0.226160006,9/11/2015,1/8/2018,937.9138889,1.103428105
1.1136E+13,0.002558053,0.40406184,0.536304967,0.04689996,0.010175676,,9/8/2016,560.1047222,#N/A
1.1136E+13,0.008028738,0.711123208,0.239752567,0.007493026,0.033600727,5/12/2016,9/16/2016,160.2230556,1.261598863
1.1136E+13,0.002633981,0.003387946,0.008332782,0.002077717,0.983567108,9/11/2015,10/18/2016,595.7394444,1.478261649
1.1136E+13,0.00744344,0.354758133,0.494587008,0.11212581,0.031085609,9/11/2015,11/17/2017,1145.751667,1.435779031
1.1136E+13,0.007317084,0.272804759,0.203047938,0.024178272,0.492651022,9/11/2015,7/25/2017,300.4763889,0.439936148
1.1136E+13,0.005044776,0.009004904,0.710837706,0.046187399,0.228924158,9/11/2015,7/13/2017,262.7580556,0.391591737
1.1136E+13,0.009529237,0.184707626,0.786096736,0.005682587,0.013982294,9/11/2015,12/19/2016,182.7708333,0.393055556
1.1136E+13,0.000921957,0.476481196,0.070116754,0.352375933,0.100104988,9/12/2015,3/6/2018,670.9761111,0.740591734
1.1136E+13,0.002180723,0.568998155,0.016317153,0.407508882,0.00499459,9/12/2015,10/12/2017,558.9380556,0.734478391
1.1136E+13,0.002710395,0.802587546,0.023140032,0.006892787,0.16466872,9/12/2015,10/5/2016,532.7227778,1.369467295
1.1136E+13,0.029143611,0.723418905,0.033942766,0.200381637,0.013111609,,7/25/2016,188.8063889,#N/A
1.1136E+13,0.008927726,0.409491192,0.083580811,0.00744492,0.490555352,9/12/2015,6/12/2016,134.8794444,0.492260746
1.1136E+13,0.393507399,0.58819435,0.012176851,0.001756107,0.004364966,,3/5/2018,850.8402778,#N/A
1.1136E+13,0.004184905,0.021373849,0.13096113,0.668987365,0.174492751,9/12/2015,3/14/2018,464.8983333,0.508641503
1.1136E+13,0.005750241,0.568897834,0.410810452,1.24E-05,0.014530415,,5/31/2016,200.9577778,#N/A
1.1136E+13,0,0.720196661,0.23429979,0.041787447,0.00371717,9/14/2015,8/14/2017,519.9594444,0.742799206
1.1136E+13,0.000408039,0.042864862,0.945522273,0.007514536,0.00369085,,11/23/2016,495.595,#N/A
1.1136E+13,0.010713237,0.90937991,0.035079162,0.005561646,0.039263886,9/14/2015,1/9/2017,128.7088889,0.266478031
1.1136E+13,0.006003152,0.368362201,0.448137624,0.175533048,0.001963189,9/14/2015,6/13/2016,706.7583333,2.588858364
1.1136E+13,0.002485849,0.001648668,0.035857936,0.351132055,0.608875312,9/14/2015,7/7/2016,1545.861111,5.204919566
1.1136E+13,0.005959099,0.063806896,0.559179544,0.359018462,0.012035877,9/14/2015,1/11/2017,2287.305,4.716092784
1.1136E+13,6.43E-06,0.835417436,0.1479053,0.007713369,0.008957466,,4/4/2018,4796.650278,#N/A
1.1136E+13,0.000208978,0.002785325,0.869933675,0.125556067,0.001516241,9/14/2015,11/9/2016,967.6708333,2.293058847
1.1136E+13,0.010885303,0.546887464,0.429847431,0.005021953,0.007358238,9/15/2015,12/5/2017,1429.501389,1.760469691
1.1136E+13,0.338878974,0.646750113,0.007323155,0.0049696,0.002078085,9/15/2015,11/28/2016,3788.478056,8.610177399
1.1136E+13,0.014059454,0.966821966,0.014162426,4.34E-07,0.004955285,,11/4/2016,639.3286111,#N/A
1.1136E+13,0.009118647,0.156872193,0.7911418,0.040275,0.002592738,9/21/2015,12/6/2016,734.4230556,1.661590623
1.1136E+13,0.002939676,0.719960642,0.246636379,0.002921455,0.027540633,5/18/2016,8/2/2016,228.6722222,3.008845029
1.1136E+13,0.001944474,0.493017502,0.451537383,0.025795676,0.027705272,9/21/2015,10/17/2016,1815.829722,4.632218679
1.1136E+13,0.018039909,0.807915994,0.111964946,0.046741499,0.015337424,9/21/2015,3/12/2018,1221.6125,1.352837763
1.1136E+13,0.013699963,0.035408635,0.306468118,0.614290078,0.030133205,9/21/2015,11/25/2017,488.3225,0.613470477
1.1136E+13,0.005818569,0.78729449,0.178324629,0.002313395,0.0262518,9/21/2015,3/13/2018,289.0172222,0.319709317
1.1136E+13,0.202088894,0.267298271,0.151170585,0.258604195,0.120838056,9/28/2015,1/9/2018,182.34,0.218633094
1.1136E+13,0.017462789,0.385137814,0.533282561,0.025918667,0.03819593,9/22/2015,6/5/2016,124.0097222,0.482528102
1.1136E+13,0.003873469,0.558691309,0.424219484,0.000625186,0.012589762,9/22/2015,5/2/2018,351.8952778,0.369250029
1.1136E+13,0.004648265,0.032094547,0.695987712,0.160133202,0.10713592,9/22/2015,5/7/2018,1565.876944,1.634527082
1.1136E+13,0.00101964,0.020269996,0.116608394,0.605504738,0.256596136,9/22/2015,11/21/2016,253.3575,0.594735915
1.1136E+13,0.005384155,0.015459609,0.140249517,0.547411404,0.29149755,9/22/2015,6/6/2016,124.2844444,0.481722653
1.1136E+13,3.72E-06,0.003713382,0.05165372,0.73532414,0.209303797,9/23/2015,8/2/2017,223.9647222,0.329844952
1.1136E+13,0.379110881,0.172555589,0.17909315,0.235710561,0.033530285,,5/1/2018,1190.598611,#N/A
1.1136E+13,0.008880096,0.001369421,0.975018915,1.69E-06,0.014729876,,9/6/2016,492.7061111,#N/A
1.1136E+13,0.001678002,0.441343224,0.194786007,0.275964157,0.086228096,9/28/2015,8/9/2017,540.1597222,0.793186083
1.1136E+13,1.59E-05,0.718570341,0.242229987,3.98E-06,0.039183735,,5/13/2016,69.72138889,#N/A
1.1136E+13,0.829902999,0.11506111,0.025115431,0.00238001,0.027541225,,12/7/2017,715.9166667,#N/A
1.1136E+13,0.311374978,0.406175204,0.170066686,0.071539899,0.040842184,9/24/2015,10/26/2016,264.8405556,0.665428532
1.1136E+13,2.96E-06,0.443408476,0.384458889,0.004130062,0.167998627,,5/13/2016,281.54,#N/A
1.1136E+13,0.063643426,0.930159364,0.003040147,1.68E-06,0.003155723,,5/23/2016,829.1813889,#N/A
1.1136E+13,0.04084136,0.109588509,0.734831646,0.074792474,0.039945881,9/24/2015,8/18/2017,2137.280556,3.079654979
1.1136E+13,0.03312454,0.60767955,0.307761053,0.028283358,0.023150359,9/24/2015,1/17/2017,243.6847222,0.506621044
1.1136E+13,0.002070486,0.124691627,0.100952673,0.713761745,0.058524064,9/24/2015,7/6/2016,467.2816667,1.633851981
1.1136E+13,0.078969173,0.816426264,0.041010704,0.001090688,0.062498943,,6/2/2016,65.70777778,#N/A
1.1136E+13,1.84E-05,0.865394581,0.063538272,9.44E-05,0.070949689,,11/30/2017,120.6097222,#N/A
1.1136E+13,0.160045267,0.459651442,0.342333245,0.033072208,0.004897612,,10/19/2017,1234.898889,#N/A
1.1136E+13,0.012139371,0.006778579,0.811026656,0.050198274,0.119857401,9/28/2015,7/13/2017,989.0225,1.51226682
1.1136E+13,0.002295961,0.969691622,0.014721936,1.50E-05,0.013274523,9/29/2015,1/8/2018,295.9302778,0.35568543
1.1136E+13,3.09E-06,0.309587728,0.020234353,0.657640341,0.012534043,9/28/2015,8/30/2016,628.7986111,1.86587125
1.1136E+13,0.018203427,0.171519123,0.68468656,0.040512865,0.085074667,,10/23/2017,82.73777778,#N/A
1.1136E+13,0,0.02389401,1.54E-05,0.728033848,0.248055157,,8/29/2017,179.8916667,#N/A
1.1136E+13,0.083728564,0.813473962,0.050029167,0.000242755,0.052529176,9/28/2015,1/23/2017,76.66638889,0.158729584
1.1136E+13,0.00423258,0.282951941,0.678326046,0.006608728,0.027879636,,12/1/2016,259.7575,#N/A
1.1136E+13,0.00096285,0.172537535,0.578630886,0.225005696,0.022863391,9/28/2015,12/19/2016,776.6297222,1.733548487
1.1136E+13,0.356900099,0.590695769,0.035118201,2.46E-06,0.017284701,9/30/2015,11/28/2016,225.7455556,0.531166013
1.1136E+13,9.07E-05,0.213173282,0.764820287,0.011793406,0.010122618,,12/9/2016,964.7811111,#N/A
1.1136E+13,1.92E-05,0.738748035,0.025103825,0.000299084,0.235825557,,7/21/2016,130.0266667,#N/A
1.1136E+13,0.000333836,0.990939576,0.004151248,0.000835746,0.003739305,,4/14/2018,960.22,#N/A
1.1136E+13,0.019895195,0.900757235,0.04041073,2.33E-06,0.038932175,,8/29/2017,119.1102778,#N/A
1.1136E+13,9.66E-06,0.860301755,0.065305403,0.042956389,0.031424375,9/29/2015,8/9/2017,114.9938889,0.16910866
1.1136E+13,0.010870288,0.097071318,0.693881275,0.143166084,0.055009731,9/29/2015,10/5/2017,213.0936111,0.289136514
1.1136E+13,0.026181237,0.880427527,0.051427167,3.67E-06,0.041967737,9/30/2015,7/9/2016,75.73277778,0.267606989
1.1136E+13,0.393462809,0.409722206,0.037305263,0.00677828,0.152729088,9/30/2015,6/11/2016,117.9830556,0.462678649
1.1136E+13,0.05886235,0.859257621,0.025580269,0.028781752,0.027519764,9/30/2015,3/2/2018,158.26,0.179027149
1.1136E+13,0.00044338,0.35348689,0.638684095,0.002628367,0.004756784,,12/30/2016,574.5011111,#N/A
1.1136E+13,2.10E-05,0.94400932,0.032669351,0.009309041,0.013989799,,12/19/2016,185.2738889,#N/A
1.1136E+13,0.001679839,0.483633093,0.456532115,0.040129132,0.018025821,10/1/2015,12/15/2016,524.3558333,1.189015495
1.1136E+13,0.000139088,0.013335342,0.879102709,0.096451005,0.010971856,10/1/2015,3/27/2018,553.2083333,0.609260279
1.1136E+13,0.002839565,0.800091242,0.156524262,0.035388818,0.005155731,10/1/2015,10/4/2017,727.6152778,0.991301468
1.1136E+13,0.017569795,0.224258977,0.723460879,0.01167391,0.023034984,10/1/2015,11/4/2016,190.9052778,0.477263194
1.1136E+13,4.94E-06,0.37177856,0.148766786,0.475242399,0.004206872,10/1/2015,7/7/2016,619.1588889,2.211281746
1.1136E+13,0.00454891,0.037582555,0.247130059,0.082399144,0.62833872,10/1/2015,3/26/2018,453.5275,0.50003032
1.1136E+13,1.99E-05,0.008711656,0.647554303,0.195470071,0.148240756,10/1/2015,8/7/2017,83.76388889,0.123911078
1.1136E+13,0.004438388,0.13605221,0.159216218,0.340746274,0.359546909,10/1/2015,1/20/2017,88.87111111,0.186312602
1.1136E+13,0.002294994,0.785305588,0.12797394,0.009103396,0.075323693,10/1/2015,3/28/2018,344.5905556,0.37908752
1.1136E+13,0.001451438,0.438882993,0.484880647,0.061342871,0.013440363,10/1/2015,10/11/2016,328.9841667,0.87495789
1.1136E+13,0.048763258,0.7867954,0.120482555,2.18E-05,0.043935764,10/1/2015,11/28/2016,229.2425,0.540666274
1.1136E+13,4.36E-05,0.025415768,0.619762928,0.348889428,0.005887982,,8/16/2016,822.6738889,#N/A
1.1136E+13,0.001670073,0.040529136,0.322532512,0.594751853,0.04052151,10/1/2015,8/16/2016,109.2766667,0.341489583
1.1136E+13,0.00385066,0.989924221,0.001649437,1.32E-06,0.00457453,10/1/2015,9/19/2017,1688.455,2.348337969
1.1136E+13,0.002728478,0.955245421,0.026288422,2.24E-05,0.015714097,6/15/2016,7/16/2016,235.5811111,7.599390681
1.1136E+13,0.000207898,0.00870114,0.874534025,0.068426095,0.048130843,10/1/2015,2/15/2018,599.9213889,0.691153674
1.1136E+13,1.23E-05,0.006003523,0.169980907,0.789551901,0.034456287,,8/11/2016,112.8966667,#N/A
1.1136E+13,0.012613911,0.106195443,0.619501445,0.242645677,0.019044843,10/2/2015,9/6/2016,421.2280556,1.238906046
1.1136E+13,0.000952321,0.912151324,0.065650659,7.44E-06,0.021239744,10/2/2015,8/10/2016,186.6783333,0.5964164
1.1136E+13,0.008258871,0.710833985,0.201215469,0.065369564,0.014321546,,9/21/2016,492.2652778,#N/A
1.1136E+13,0.027271282,0.798065619,0.065112305,0.056522462,0.053028661,,8/6/2016,845.8633333,#N/A
1.1136E+13,0.00968583,0.533308138,0.442644563,0.006052817,0.008310123,,7/15/2016,377.7855556,#N/A
1.1136E+13,0.000932105,0.062840349,0.925499705,0.004714803,0.006013532,10/2/2015,9/21/2016,562.9433333,1.585755869
1.1136E+13,0.787021915,0.209740802,0.000974861,1.65E-06,0.002260689,,2/21/2018,3528.4225,#N/A
1.1136E+13,3.68E-05,0.079631961,0.229998718,0.429535512,0.26079697,10/2/2015,10/17/2016,580.6155556,1.523925343
1.1136E+13,0.003133746,0.976732645,0.012888336,1.00E-05,0.007234725,,3/2/2018,526.7036111,#N/A
1.1136E+13,2.84E-06,0.000799672,0.213411145,0.38847518,0.397310958,10/5/2015,1/3/2017,1368.269167,3.000590278
1.1136E+13,0.379460325,0.375030666,0.22487854,6.88E-06,0.020621299,10/5/2015,9/7/2017,121.1530556,0.172337206
1.1136E+13,0.00152558,0.228960916,0.521460308,0.205612139,0.042441057,,9/7/2016,172.6119444,#N/A
1.1136E+13,0.403199005,0.287539203,0.303996956,2.31E-05,0.005242727,10/5/2015,3/6/2018,540.2722222,0.611859821
1.1136E+13,3.51E-06,0.800006784,0.051787623,0.011425443,0.13677547,,12/30/2016,237.4816667,#N/A
1.1136E+13,1.17E-05,0.942233934,0.043532726,0.000921667,0.013302922,,8/2/2016,190.4761111,#N/A
1.1136E+13,0.000870618,0.061234271,0.581527907,0.119691802,0.236674906,10/5/2015,10/13/2016,559.3091667,1.495479055
1.1136E+13,0.061829656,0.190900244,0.256896556,0.136400597,0.353974258,10/5/2015,1/18/2017,211.8005556,0.449682708
1.1136E+13,0.009180982,0.367112321,0.610903719,0.007966182,0.004836796,10/6/2015,11/11/2016,855.4216667,2.127914594
1.1136E+13,1.85E-06,0.006625609,0.980235753,0.000181149,0.012957025,,3/5/2018,599.5675,#N/A
1.1136E+13,0.254806904,0.571653732,0.014141626,0.15346771,0.005929784,10/6/2015,9/20/2016,1136.400833,3.246859524
1.1136E+13,0.192409201,0.583420029,0.057916271,0.048355478,0.11789882,10/6/2015,6/3/2016,1387.088611,5.755554403
1.1136E+13,0.681314754,0.291188061,0.011078572,0.001420005,0.014995446,,10/6/2017,175.6644444,#N/A
1.1136E+13,6.52E-06,0.071845323,0.239626486,0.642460895,0.046065121,,1/5/2017,127.7358333,#N/A
1.1136E+13,1.92E-06,0.06465392,0.562719193,0.365441767,0.00718256,10/9/2015,7/14/2017,433.8827778,0.673731021
1.1136E+13,0.00012476,0.915242193,0.083804179,8.68E-07,0.000828087,10/7/2015,9/9/2016,3199.475833,9.465904832
1.1136E+13,4.77E-05,0.002830617,0.241752496,0.645061553,0.110307475,10/7/2015,12/20/2016,1950.202778,4.43227904
1.1136E+13,0.012662352,0.17968588,0.793075755,0.001472325,0.013104409,10/7/2015,12/29/2016,771.6444444,1.718584509
1.1136E+13,0.477285198,0.343847642,0.167504943,3.25E-05,0.011329395,10/8/2015,1/24/2018,778.6038889,0.92801417
1.1136E+13,0.000124175,0.007746241,0.356286263,0.089705275,0.546138924,10/8/2015,9/19/2016,633.0669444,1.824400416
1.1136E+13,0.000794345,0.85867428,0.133213149,0.002265451,0.005052907,10/8/2015,10/25/2016,2107.257778,5.501978532
1.1136E+13,2.80E-06,0.97843613,0.011844733,1.87E-06,0.009715405,10/8/2015,6/16/2016,297.6944444,1.18132716
1.1136E+13,3.37E-06,0.971657442,0.013283289,1.12E-06,0.01505477,6/17/2016,11/16/2016,246.9686111,1.624793494
1.1136E+13,9.76E-06,0.315957736,0.566462322,0.020539108,0.09703107,10/12/2015,1/19/2018,199.1458333,0.239934739
1.1136E+13,0.131034204,0.656049884,0.178332479,0.019007718,0.015577019,10/12/2015,7/18/2017,213.0275,0.330275194
1.1136E+13,0.001020952,0.064906277,0.319416496,0.60715269,0.007503503,10/12/2015,3/9/2018,3373.757778,3.838177222
1.1136E+13,6.79E-05,0.792042167,0.195327877,0.000698532,0.011865644,10/12/2015,12/7/2017,266.0341667,0.33803579
1.1136E+13,0.008408515,0.783282318,0.163938293,5.55E-06,0.044362549,10/12/2015,10/26/2016,100.0969444,0.263413012
1.1136E+13,0.022292759,0.88068915,0.076855955,0.004188753,0.015973115,10/13/2015,10/13/2017,1038.428889,1.420559356
1.1136E+13,5.00E-06,0.813727672,0.167332261,0.000278825,0.018658741,10/13/2015,7/7/2016,222.1627778,0.828965589
1.1136E+13,4.45E-06,0.010806676,0.372219193,0.185158275,0.431810848,10/13/2015,7/9/2016,499.3055556,1.849279835
1.1136E+13,1.65E-05,0.950594673,0.035786868,1.60E-06,0.013599819,10/13/2015,5/31/2016,521.5755556,2.257902838
1.1136E+13,4.97E-06,0.102218094,0.016517751,0.328853852,0.552407819,10/13/2015,4/5/2018,223.7155556,0.247199509
1.1136E+13,1.59E-06,0.225273821,0.649394515,0.091238777,0.034090764,10/13/2015,8/11/2017,523.4555556,0.783616101
1.1136E+13,1.58E-05,0.816845638,0.113387288,3.95E-06,0.069751283,,8/1/2016,70.36111111,#N/A
1.1136E+13,1.04E-05,0.008544484,0.946189556,3.47E-06,0.045252061,10/13/2015,1/26/2018,79.94111111,0.095623339
1.1136E+13,0.000123725,0.337462646,0.271509639,0.029638256,0.361265348,10/13/2015,5/23/2016,718.4408333,3.221707773
1.1136E+13,7.42E-06,0.206398362,0.78354336,0.001526882,0.008523977,10/13/2015,2/6/2018,374.4013889,0.442032336
1.1136E+13,0.026552631,0.902329086,0.044546042,3.55E-05,0.026535822,10/21/2015,12/28/2017,297.47,0.372302879
1.1136E+13,5.84E-06,0.858895877,0.109677713,0.00113626,0.030286646,,10/31/2017,237.8661111,#N/A
1.1136E+13,0.000177616,0.027815224,0.950713753,0.016910681,0.004383166,10/16/2015,2/12/2018,1262.088611,1.484810131
1.1136E+13,0,0.766052868,0.207465236,0.011604821,0.014878246,,1/15/2018,474.4436111,#N/A
1.1136E+13,0.001286985,0.001489999,0.936106741,0.014887898,0.046228376,10/17/2015,12/1/2016,528.1508333,1.285038524
1.1136E+13,1.37E-05,0.023489778,0.921770497,0.016563288,0.03816244,,1/24/2017,813.6636111,#N/A
1.1136E+13,0.056118583,0.098885726,0.040130726,0.027415744,0.777450797,10/16/2015,1/13/2017,352.6461111,0.775046398
1.1136E+13,0.001120244,0.006323305,0.122507007,0.133767934,0.73628151,,10/19/2016,123.485,#N/A
1.1136E+13,0.011594419,0.127081622,0.029226986,0.664911102,0.167188133,,10/19/2016,122.7841667,#N/A
1.1136E+13,0.037051185,0.881254303,0.048592796,0.012820549,0.020281166,10/16/2015,11/20/2017,971.5088889,1.268288367
1.1136E+13,0.000444023,0.973263673,0.014095121,0.010334992,0.001862343,,9/19/2016,1826.104722,#N/A
1.1136E+13,4.30E-06,0.963480133,0.028562729,0.003868885,0.004083689,10/16/2015,1/25/2018,1034.535833,1.243432492
1.1136E+13,3.58E-05,0.673040032,0.307609042,0.001201458,0.018115059,10/17/2015,8/2/2017,193.7461111,0.295795589
1.1136E+13,1.03E-06,0.992083831,0.004422183,0.000403757,0.003089887,10/17/2015,9/5/2017,812.5072222,1.179255765
1.1136E+13,7.27E-06,0.991295102,0.004383722,5.82E-07,0.004313903,10/17/2015,7/17/2017,954.8583333,1.494300991
1.1136E+13,0.018571667,0.512721487,0.458453509,0.00726096,0.002992148,,8/29/2017,1214.753611,#N/A
1.1136E+13,9.25E-05,0.149602084,0.319188017,0.446705038,0.084412409,,10/9/2017,1201.817778,#N/A
1.1136E+13,8.29E-06,0.125223691,0.045342759,0.785971562,0.043455767,,4/3/2018,267.9161111,#N/A
1.1136E+13,2.65E-06,0.017676342,0.963936902,0.006227501,0.012155718,10/17/2015,1/18/2018,628.3508333,0.762561691
1.1136E+13,0.051617179,0.892039293,0.026322954,0.000140585,0.029877758,10/17/2015,1/27/2018,124.4794444,0.149435107
1.1136E+13,0.00113405,0.457703694,0.524315767,0.004766175,0.012082747,10/17/2015,8/19/2017,228.2869444,0.339712715
1.1136E+13,1.10E-05,0.171200647,0.764438357,0.03962228,0.024729901,10/17/2015,12/12/2016,252.0677778,0.597317009
1.1136E+13,0.116248838,0.059574974,0.045123498,0.777040876,0.002011623,10/17/2015,12/6/2016,1459.020556,3.507260951
1.1136E+13,1.67E-06,0.989507146,0.005239546,2.50E-06,0.005248721,10/17/2015,2/2/2018,666.0352778,0.793844193
