weibull failure rate (hazard) function x Values,weibull failure rate (hazard) function y Values,weibull distribution x Values,weibull distribution y Values,weibull reliability (survival) function x Values,weibull reliability (survival) function y Values,weibull probability plot scatter x Values,weibull probability plot scatter y Values,weibull probability plot x Values,weibull probability plot y Values
0.0001,120.24065674802726,0.0001,242.11794667587463,0.0001,0.9999634685910334,-55.49499816758922,-6.477082049766752,-55.49499816758922,-10.217319881793964
2.207148237885463,0.03320348260318748,2.207148237885463,0.030088497291657836,2.207148237885463,0.35780720420283957,0.7916560836034622,-5.588678501893919,1.1971211917116265,0.027382623839462317
4.414196475770925,0.01881742271038299,4.414196475770925,0.015011550314787403,4.414196475770925,0.31195225318692094,1.4848032641634075,-5.124952604393922,1.8902683722715719,0.1526396566988352
6.621244713656388,0.013498720814581183,6.621244713656388,0.0099178038046085,6.621244713656388,0.28551427403720075,1.8902683722715716,-4.8087671514730275,2.2957334803797362,0.2259103238731664
8.828292951541851,0.010664306383943334,8.828292951541851,0.007363082147576455,8.828292951541851,0.2670418785863736,2.177950444723353,-4.568431017298182,2.583415552831517,0.27789668955820873
11.035341189427314,0.008882511786517505,11.035341189427314,0.00583089222635422,11.035341189427314,0.2529207014318354,2.4010939960375626,-4.374418859087615,2.806559104145727,0.31822044751787054
13.242389427312776,0.007650040681345541,13.242389427312776,0.004811477833942687,13.242389427312776,0.24153881988951015,2.5834155528315175,-4.211666960268426,2.9888806609396816,0.3511673567325399
15.44943766519824,0.006742409708128706,15.44943766519824,0.0040853765383419135,15.44943766519824,0.23203722443714922,2.7375662326587755,-4.071441547115599,3.1430313407669397,0.3790235715595548
17.656485903083702,0.006043702407985665,17.656485903083702,0.0035425783559722003,17.656485903083702,0.22390421610374342,2.8710976252832983,-3.948224167895176,3.2765627333914624,0.403153722417582
19.863534140969165,0.005487751380515871,19.863534140969165,0.00312188542342341,19.863534140969165,0.2168106107792818,2.9888806609396816,-3.838304545543487,3.394345769047846,0.4244380239068709
22.070582378854628,0.005033914642071582,22.070582378854628,0.0027865592749922374,22.070582378854628,0.2105323140677819,3.094241176597508,-3.739067838592438,3.499706284705672,0.44347748037724377
24.27763061674009,0.0046557889525564965,24.27763061674009,0.0025132210513021834,24.27763061674009,0.20490999691509487,3.1895513564018327,-3.6486017903153964,3.5950164645099973,0.46070076376986907
26.484678854625553,0.004335443498238951,26.484678854625553,0.0022862910311886825,26.484678854625553,0.19982640423204495,3.2765627333914624,-3.5654655852524617,3.6820278414996266,0.476424389591913
28.691727092511016,0.004060254982853403,28.691727092511016,0.0020949906267783,28.691727092511016,0.19519279001567016,3.3566054410649984,-3.488546578454012,3.7620705491731634,0.4908887232087912
30.89877533039648,0.0038210677081697373,30.89877533039648,0.001931627767244488,30.89877533039648,0.19094040390452727,3.430713413218721,-3.416967627427631,3.836178521326885,0.5042806044189282
33.10582356828195,0.0036110722006456337,33.10582356828195,0.0017905675975317544,33.10582356828195,0.18701492963879837,3.499706284705672,-3.350024987460807,3.9051713928138367,0.516748147551575
35.31287180616741,0.003425094210312303,35.31287180616741,0.001667589004785516,35.31287180616741,0.18337272776809677,3.564244805843243,-3.287145418943932,3.969709913951408,0.5284107552769556
37.51992004405287,0.003259128500931334,37.51992004405287,0.001559468238129714,37.51992004405287,0.17997822364868224,3.6248694276596782,-3.227855788502025,4.030334535767842,0.5393660912574235
39.72696828193833,0.0031100241816707066,39.72696828193833,0.0014637013597078522,39.72696828193833,0.17680204631478189,3.6820278414996266,-3.171761036258778,4.087492949607792,0.5496950567662442
41.9340165198238,0.0029752669084485883,41.9340165198238,0.0013783143954316749,41.9340165198238,0.17381967358723424,3.7360950627699028,-3.118527889837475,4.141560170878067,0.5594654199751012
44.14106475770926,0.0028528247639358186,44.14106475770926,0.0013017304928381913,44.14106475770926,0.17101042692129179,3.7873883571574534,-3.0678726152420306,4.1928534652656175,0.5687345132366174
46.34811299559472,0.002741037041883823,46.34811299559472,0.0012326750804137587,46.34811299559472,0.16835671313200626,3.836178521326885,-3.0195516603564685,4.24164362943505,0.5775512715932593
48.555161233480185,0.002638532578077519,48.555161233480185,0.0011701069320192105,48.555161233480185,0.165843443752584,3.882698536961778,-2.9733544081924066,4.288163645069942,0.5859577966292425
50.76220947136565,0.0025441688307314115,50.76220947136565,0.0011131672471551431,50.76220947136565,0.163457584407971,3.9271502995326117,-2.9290974935741687,4.332615407640776,0.5939905724107066
52.96925770925111,0.0024569857909374163,52.96925770925111,0.0010611414878507995,52.96925770925111,0.1611878008270417,3.969709913951408,-2.886620295187664,4.375175022059572,0.6016814224512864
55.17630594713657,0.0023761706623803397,55.17630594713657,0.0010134303964046832,55.17630594713657,0.1590241776926093,4.010531908471663,-2.845781322850318,4.415997016579827,0.6090582711962789
57.383354185022036,0.0023010304753304693,57.383354185022036,0.0009695277189639451,57.383354185022036,0.156957993090123,4.049752621624944,-2.8064552947913866,4.455217729733109,0.6161457560681644
59.5904024229075,0.002230970623879438,59.5904024229075,0.0009290028937429331,59.5904024229075,0.1549815358899085,4.087492949607792,-2.7685307525986502,4.492958057715955,0.6229657239405755
61.79745066079296,0.0021654778789176043,61.79745066079296,0.0008914874605751503,61.79745066079296,0.15308795663649186,4.123860593778666,-2.7319080993399023,4.5293257018868305,0.6295376372783016
64.00449889867842,0.002104106820933909,64.00449889867842,0.0008566642918127106,64.00449889867842,0.15127114484482948,4.158951913589936,-2.6964979738387966,4.564417021698101,0.6358789089763676
66.2115471365639,0.0020464689128156417,66.2115471365639,0.0008242589848600328,66.2115471365639,0.14952562729632904,4.1928534652656175,-2.662219894271747,4.598318573373782,0.6420051804109485
68.41859537444935,0.001992223630130555,68.41859537444935,0.0007940329271004637,68.41859537444935,0.14784648317481697,4.225643288088608,-2.6290011192588505,4.6311083961967725,0.6479305538813771
70.62564361233481,0.0019410712091378348,70.62564361233481,0.0007657776664644551,70.62564361233481,0.14622927281185125,4.257391986403189,-2.596775685896731,4.662857094511353,0.6536677881363288
72.83269185022027,0.0018927466772737903,72.83269185022027,0.0007393103099415256,72.83269185022027,0.14466997751034946,4.288163645069942,-2.565483592737166,4.693628753178107,0.6592284638035735
75.03974008810573,0.0018470149081750988,75.03974008810573,0.0007144697377946529,75.03974008810573,0.14316494844730746,4.318016608219623,-2.5350701022684548,4.723481716327788,0.6646231241167968
77.2467883259912,0.0018036665010839534,77.2467883259912,0.0006911134698411231,77.2467883259912,0.1417108630643376,4.347004145092876,-2.5054851425191886,4.75246925320104,0.6698613952379637
79.45383656387666,0.0017625143280681765,79.45383656387666,0.000669115056602414,79.45383656387666,0.14030468767036638,4.375175022059572,-2.476682791347351,4.780640130167736,0.6749520896256175
81.66088480176212,0.0017233906256615861,81.66088480176212,0.0006483618956884245,81.66088480176212,0.13894364522695002,4.402573996247686,-2.4486208300721857,4.808039104355851,0.6799032952374205
83.8679330396476,0.0016861445329840682,83.8679330396476,0.0006287533948062163,83.8679330396476,0.1376251874800347,4.429242243329848,-2.4212603555526457,4.834707351438013,0.6847224528344747
86.07498127753306,0.0016506399980848602,86.07498127753306,0.0006101994189484578,86.07498127753306,0.1363469707549799,4.455217729733109,-2.394565441762739,4.860682837841273,0.6894164232424954
88.28202951541851,0.0016167539895863487,88.28202951541851,0.0005926189718383385,88.28202951541851,0.13510683485351824,4.480535537717398,-2.368502843473373,4.886000645825563,0.6939915460959905
90.48907775330397,0.0015843749627335124,90.48907775330397,0.0005759390714755238,90.48907775330397,0.1339027845889872,4.5052281503077705,-2.3430417359063127,4.910693258415934,0.698453691327711
92.69612599118943,0.0015534015384506242,92.69612599118943,0.0005600937872983253,92.69612599118943,0.13273297357490638,4.5293257018868305,-2.318153485244013,4.934790809994995,0.7028083044526329
94.9031742290749,0.0015237413615513237,94.9031742290749,0.0005450234125390482,94.9031742290749,0.13159568994581242,4.5528561992970245,-2.2938114457082595,4.958321307405189,0.7070604465228425
97.11022246696037,0.0014953101102772202,97.11022246696037,0.0005306737501686474,97.11022246696037,0.13048934374129803,4.575845717521723,-2.2699907795999104,4.981310825629888,0.7112148294886158
99.31727070484582,0.0014680306341851531,99.31727070484582,0.0005169954946799538,99.31727070484582,0.12941245572682933,4.598318573373782,-2.2466682972507974,5.003783681481947,0.7152758475852795
101.5243189427313,0.0014418322013174216,101.5243189427313,0.0005039436950561929,101.5243189427313,0.12836364746000775,4.620297480092558,-2.223822314301105,5.025762588200721,0.71924760527008
103.73136718061676,0.0014166498387675316,103.73136718061676,0.0004914772867743615,103.73136718061676,0.12734163243995922,4.641803685313521,-2.2014325240991446,5.047268793421685,0.7231339421543568
105.93841541850222,0.0013924237533471375,105.93841541850222,0.0004795586827253756,105.93841541850222,0.12634520820163864,4.662857094511353,-2.179479883340636,5.068322202619517,0.7269384553106599
108.14546365638768,0.001369098821185389,108.14546365638768,0.0004681534145909613,108.14546365638768,0.12537324923693915,4.6834763817140885,-2.157946509332432,5.088941489822253,0.7306645192796478
110.35251189427314,0.001346624136841782,110.35251189427314,0.00045722981757602936,110.35251189427314,0.12442470064133045,4.703679089031608,-2.1368155874910415,5.109144197139773,0.7343153040556522
112.55956013215861,0.0013249526139603683,112.55956013215861,0.00044675875251357604,112.55956013215861,0.12349857239890129,4.723481716327788,-2.116071287876198,5.128946824435952,0.7378937912911278
114.76660837004407,0.0013040406306940972,114.76660837004407,0.0004367133602833226,114.76660837004407,0.12259393423062129,4.74289980218489,-2.0956986897208045,5.148364910293054,0.7414027889275381
116.97365660792953,0.0012838477141288093,116.97365660792953,0.00042706884425205993,116.97365660792953,0.12170991094074297,4.761947997155584,-2.0756837130551373,5.167413105263749,0.7448449444325613
119.180704845815,0.0012643362587734183,119.180704845815,0.0004178022770822254,119.180704845815,0.12084567820485324,4.780640130167737,-2.0560130566398525,5.186105238275901,0.7482227567999488
121.38775308370046,0.0012454712748853915,121.38775308370046,0.0004088924287889659,121.38775308370046,0.12000045875040107,4.798989268835933,-2.036674141521887,5.204454376944097,0.7515385874482774
123.59480132158592,0.0012272201629923716,123.59480132158592,0.00040031961337360186,123.59480132158592,0.11917351888678299,4.817007774338611,-2.01765505961284,5.222472882446776,0.7547946701376752
125.80184955947138,0.0012095525114708314,125.80184955947138,0.0003920655517381497,125.80184955947138,0.1183641653474338,4.834707351438012,-1.998944526762891,5.2401724595461765,0.757993120008806
128.00889779735684,0.0011924399144665223,128.00889779735684,0.000384113248903633,128.00889779735684,0.11757174241097983,4.852099094149882,-1.9805318398667253,5.257564202258046,0.7611359418357413
130.2159460352423,0.001175855807801895,130.2159460352423,0.0003764468838242841,130.2159460352423,0.1167956292724929,4.869193527509181,-1.962406837592725,5.274658635617346,0.7642250375733426
132.42299427312778,0.0011597753208230383,132.42299427312778,0.0003690517103185736,132.42299427312778,0.11603523763931771,4.886000645825563,-1.9445598643742694,5.2914657539337275,0.767262213270322
134.63004251101324,0.001144175142401525,134.63004251101324,0.0003619139678329318,134.63004251101324,0.11529000952893043,4.902529947776774,-1.9269817373432359,5.307995055884938,0.7702491854108889
136.8370907488987,0.0011290333995319618,136.8370907488987,0.00035502080092055834,136.8370907488987,0.11455941524887257,4.918790468648553,-1.9096637159218917,5.324255576756718,0.7731875867407506
139.04413898678416,0.0011143295471598587,139.04413898678416,0.0003483601864603647,139.04413898678416,0.11384295154106303,4.934790809994995,-1.8925974738207034,5.340255918103159,0.7760789716269636
141.25118722466962,0.0011000442680414737,141.25118722466962,0.00034192086776359867,141.25118722466962,0.1131401398747592,4.950539166963134,-1.8757750732172351,5.356004275071299,0.778924820995702
143.45823546255508,0.001086159381581667,143.45823546255508,0.00033569229482117427,143.45823546255508,0.11245052487416338,4.966043353499099,-1.8591889409153315,5.371508461607264,0.7817265468871994
145.66528370044054,0.0010726577607208343,145.66528370044054,0.0003296645700357652,145.66528370044054,0.11177367286817995,4.981310825629888,-1.8428318463051359,5.386775933738052,0.784485496662947
147.872331938326,0.00105952325605055,147.872331938326,0.0003238283988614683,147.872331938326,0.11110917055115908,4.996348702994428,-1.8266968809630837,5.401813811102593,0.7872029568965209
150.07938017621146,0.0010467406264320182,150.07938017621146,0.0003181750448421309,150.07938017621146,0.11045662374463086,5.011163788779569,-1.810777439747602,5.416628896887733,0.7898801569761701
152.28642841409695,0.0010342954754737935,152.28642841409695,0.0003126962885987716,152.28642841409695,0.10981565625106607,5.025762588200721,-1.7950672032608015,5.431227696308886,0.7925182724444109
154.4934766519824,0.0010221741932972235,154.4934766519824,0.0003073843903681999,154.4934766519824,0.10918590879161226,5.040151325652821,-1.7795601215593906,5.445616433760986,0.7951184280973369
156.70052488986786,0.0010103639030810822,156.70052488986786,0.00030223205574003747,156.70052488986786,0.10856703802056099,5.054335960644778,-1.764250399009535,5.459801068752942,0.7976817008640967
158.90757312775332,0.0009988524119321708,158.90757312775332,0.00029723240427876913,158.90757312775332,0.10795871561001859,5.068322202619517,-1.749132480190579,5.4737873107276815,0.800209122484991
161.11462136563878,0.000987628165677264,161.11462136563878,0.0002923789407520098,161.11462136563878,0.10736062739889086,5.0821155247518535,-1.7342010367616465,5.487580632860018,0.8027016820048526
163.32166960352424,0.0009766802072145875,163.32166960352424,0.00028766552871648866,163.32166960352424,0.10677247260085772,5.095721176807632,-1.719450955213256,5.501186284915796,0.8051603280967937
165.5287178414097,0.000965998138100789,165.5287178414097,0.00028308636623993047,165.5287178414097,0.10619396306652014,5.109144197139773,-1.70487732543332,5.514609305247937,0.8075859712299834
167.7357660792952,0.0009555720830827318,167.7357660792952,0.0002786359635605032,167.7357660792952,0.10562482259535329,5.122389423889794,-1.690475430023405,5.527854531997957,0.8099794856938479
169.94281431718065,0.000945392657313003,169.94281431718065,0.00027430912250624243,169.94281431718065,0.1050647862935031,5.135461505457146,-1.676240734306926,5.54092661356531,0.8123417114899619
172.1498625550661,0.0009354509360142302,172.1498625550661,0.00027010091751518704,172.1498625550661,0.10451359997382667,5.148364910293054,-1.6621688769761873,5.553830018401218,0.8146734561018688
174.35691079295157,0.0009257384263805778,174.35691079295157,0.0002660066781132035,174.35691079295157,0.10397101959489949,5.161103936070484,-1.6482556613298611,5.566569044178648,0.8169754961521664
176.56395903083703,0.0009162470415255061,176.56395903083703,0.0002620219727208607,176.56395903083703,0.10343681073600643,5.173682718277344,-1.6344970470567286,5.579147826385508,0.8192485789553641
178.77100726872249,0.0009069690763033242,178.77100726872249,0.00025814259367351654,178.77100726872249,0.10291074810539444,5.186105238275901,-1.6208891425253136,5.591570346384065,0.8214934239742795
180.97805550660794,0.0008978971848485317,180.97805550660794,0.0002543645433501467,180.97805550660794,0.10239261507930128,5.198375330867716,-1.607428197542478,5.60384043897588,0.8237107241870842
183.1851037444934,0.0008890243596916627,183.1851037444934,0.000250684021316591,183.1851037444934,0.10188220326948938,5.21049669140006,-1.5941105965471567,5.6159617995082245,0.8259011473714847
185.39215198237886,0.0008803439123235056,185.39215198237886,0.00024709741239793015,185.39215198237886,0.10137931211720437,5.222472882446776,-1.5809328522082189,5.6279379905549405,0.8280653373120059
187.59920022026435,0.0008718494550913751,187.59920022026435,0.00024360127560279582,187.59920022026435,0.10088374851165435,5.234307340093778,-1.5678915993979923,5.639772448201943,0.830203914935832
189.8062484581498,0.0008635348843217008,189.8062484581498,0.00024019233382964223,189.8062484581498,0.10039532643126237,5.24600337985697,-1.5549835895153026,5.6514684879651345,0.8323174793822157
192.01329669603527,0.0008553943645727069,192.01329669603527,0.00023686746429148962,192.01329669603527,0.09991386660608764,5.257564202258046,-1.5422056851339707,5.66302931036621,0.8344066090100719
194.22034493392073,0.0008474223139295206,194.22034493392073,0.00023362368960146615,194.22034493392073,0.09943919619994195,5.2689928980816685,-1.529554854954629,5.674458006189833,0.8364718623479894
196.4273931718062,0.0008396133902617538,196.4273931718062,0.0002304581694666889,196.4273931718062,0.09897114851084482,5.280292453335602,-1.5170281690394474,5.685757561443767,0.8385137789905626
198.63444140969165,0.0008319624783705571,198.63444140969165,0.0002273681929427292,198.63444140969165,0.09850956268856828,5.291465753933727,-1.504622794310953,5.696930862041891,0.840532880444653
200.8414896475771,0.0008244646779584252,200.8414896475771,0.00022435117120513201,200.8414896475771,0.09805428346812071,5.302515590120312,-1.4923359902975608,5.707980698228477,0.8425296709288841
203.0485378854626,0.0008171152923607057,203.0485378854626,0.0002214046307982745,203.0485378854626,0.09760516091810759,5.313444660652502,-1.4801651051097622,5.718909768760667,0.8445046381294533
205.25558612334805,0.0008099098179829089,205.25558612334805,0.00021852620732528961,205.25558612334805,0.09716205020298853,5.324255576756718,-1.4681075716321166,5.7297206848648825,0.8464582539150816
207.4626343612335,0.0008028439343925586,207.4626343612335,0.00021571363954589175,207.4626343612335,0.0967248113583247,5.334950865873466,-1.456160903917303,5.74041597398163,0.8483909750137303
209.66968259911897,0.0007959134950185615,209.66968259911897,0.0002129647638517556,209.66968259911897,0.0962933090781782,5.345532975204003,-1.4443226937694877,5.750998083312167,0.8503032436535096
211.87673083700443,0.0007891145184148949,211.87673083700443,0.0002102775090916479,211.87673083700443,0.09586741251388733,5.356004275071299,-1.432590607505208,5.761469383179462,0.8521954881700335
214.0837790748899,0.0007824431800489036,214.0837790748899,0.00020764989172082044,214.0837790748899,0.09544699508349909,5.366367062106845,-1.4209623828808016,5.771832170215009,0.8540681235822953
216.29082731277535,0.0007758958045776667,216.29082731277535,0.0002050800112512744,216.29082731277535,0.09503193429119154,5.376623562274034,-1.4094358261762117,5.7820886703821985,0.8559215521390212
218.4978755506608,0.0007694688585787869,218.4978755506608,0.0002025660459814046,218.4978755506608,0.09462211155606819,5.386775933738052,-1.3980088094257057,5.792241041846216,0.8577561638372782
220.70492378854627,0.0007631589437045802,220.70492378854627,0.00020010624898527272,220.70492378854627,0.09421741204974912,5.396826269591553,-1.386679267786706,5.802291377699718,0.859572336915026
222.91197202643176,0.0007569627902310585,222.91197202643176,0.00019769894434332815,222.91197202643176,0.09381772454222508,5.406776600444721,-1.3754451970385446,5.812241708552886,0.8613704383191608
225.11902026431721,0.000750877250975284,225.11902026431721,0.00019534252359783934,225.11902026431721,0.09342294125547752,5.416628896887733,-1.3643046512035149,5.822094004995898,0.8631508241505012
227.32606850220267,0.0007448992955566849,227.32606850220267,0.00019303544241760254,227.32606850220267,0.09303295772440287,5.4263850718330975,-1.353255740283102,5.831850179941262,0.8649138400870675
229.53311674008813,0.0007390260049797614,229.53311674008813,0.0001907762174576982,229.53311674008813,0.09264767266460917,5.436046982744835,-1.342296628102764,5.841512090852999,0.8666598217869111
231.7401649779736,0.0007332545665172887,231.7401649779736,0.00018856342340115346,231.7401649779736,0.09226698784668512,5.445616433760986,-1.3314255302590674,5.85108154186915,0.8683890952716681
233.94721321585905,0.0007275822688746685,233.94721321585905,0.0001863956901703712,233.94721321585905,0.09189080797656585,5.455095177715529,-1.3206407121633954,5.860560285823694,0.8701019772919346
236.1542614537445,0.0007220064976174976,236.1542614537445,0.00018427170029710173,236.1542614537445,0.09151904058164641,5.464484918065368,-1.3099404871768197,5.869950026173533,0.8717987756754911
238.36130969163,0.000716524730845717,238.36130969163,0.00018219018644057117,238.36130969163,0.09115159590231657,5.473787310727682,-1.299323214831079,5.879252418835846,0.8734797896593222
240.56835792951546,0.0007111345350989039,240.56835792951546,0.00018014992904414817,240.56835792951546,0.09078838678861205,5.483003965832606,-1.288787299130934,5.888469073940771,0.8751453102063413
242.77540616740092,0.0007058335614783635,242.77540616740092,0.0001781497541216389,242.77540616740092,0.09042932860169597,5.492136449395878,-1.2783311869334633,5.897601557504043,0.8767956203076513
244.98245440528638,0.0007006195419726932,244.98245440528638,0.00017618853116494485,244.98245440528638,0.09007433911990491,5.501186284915796,-1.2679533664001492,5.906651393023961,0.878430995271125
247.18950264317183,0.0006954902859744168,247.18950264317183,0.0001742651711654154,247.18950264317183,0.08972333844910828,5.510154954898557,-1.2576523655178595,5.915620063006721,0.8800517029970483
249.3965508810573,0.0006904436769761519,249.3965508810573,0.0001723786247417747,249.3965508810573,0.08937624893714763,5.519043902315802,-1.247426750685069,5.924509010423967,0.8816580042415079
251.60359911894275,0.0006854776694355605,251.60359911894275,0.00017052788036800494,251.60359911894275,0.08903299509213597,5.527854531997957,-1.237275125359895,5.933319640106122,0.883250152868179
253.8106473568282,0.000680590285799068,253.8106473568282,0.00016871196269503466,253.8106473568282,0.08869350350441138,5.536588211966712,-1.2271961287667248,5.942053320074876,0.884828396089115
256.01769559471364,0.0006757796136750072,256.01769559471364,0.0001669299309605072,256.01769559471364,0.08835770277195122,5.545246274709827,-1.2171884346584056,5.950711382817992,0.8863929746951144
258.22474383259913,0.0006710438031474743,258.22474383259913,0.00016518087748129982,258.22474383259913,0.08802552342906574,5.553830018401218,-1.2072507501311545,5.9592951265093825,0.8879441232761999
260.43179207048456,0.0006663810642227564,260.43179207048456,0.0001634639262238293,260.43179207048456,0.08769689787820074,5.562340708069127,-1.197381814489507,5.967805816177291,0.8894820704327157
262.63884030837005,0.0006617896644007293,262.63884030837005,0.00016177823144751437,262.63884030837005,0.0873717603246883,5.570779576714991,-1.1875803981587878,5.976244684823156,0.8910070389775163
264.84588854625554,0.0006572679263641168,264.84588854625554,0.0001601229764170804,264.84588854625554,0.08705004671429555,5.579147826385508,-1.1778453016427255,5.984612934493673,0.8925192461296954
267.05293678414097,0.0006528142257789667,267.05293678414097,0.0001584973721796762,267.05293678414097,0.08673169467342894,5.587446629200203,-1.1681753545239781,5.992911737308368,0.8940189037002764
269.25998502202646,0.0006484269892001183,269.25998502202646,0.00015690065640304075,269.25998502202646,0.0864166434518607,5.595677128336718,-1.1585694145054597,6.001142236444883,0.8955062182702621
271.4670332599119,0.0006441046920758403,271.4670332599119,0.00015533209227120613,271.4670332599119,0.08610483386785187,5.60384043897588,-1.149026366490479,6.009305547084044,0.8969813913614155
273.6740814977974,0.000639845856846179,273.6740814977974,0.00015379096743444926,273.6740814977974,0.08579620825555252,5.611937649208499,-1.1395451216998125,6.017402757316663,0.8984446196001238
275.8811297356828,0.0006356490511299008,275.8811297356828,0.00015227659301041827,275.8811297356828,0.08549071041456835,5.619969820905763,-1.1301246168239436,6.025434929013928,0.8998960948746876
278.0881779735683,0.0006315128859952319,278.0881779735683,0.00015078830263355806,278.0881779735683,0.08518828556158688,5.6279379905549405,-1.1207638132087896,6.033403098663104,0.9013360044863371
280.2952262114537,0.0006274360143098908,280.2952262114537,0.00014932545155013977,280.2952262114537,0.08488888028396503,5.635843170062054,-1.111461696073338,6.041308278170217,0.9027645312942827
282.5022744493392,0.0006234171291661879,282.5022744493392,0.00014788741575637077,282.5022744493392,0.08459244249518295,5.643686347523079,-1.1022172737576978,6.049151455631244,0.9041818538550759
284.7093226872247,0.0006194549623772197,284.7093226872247,0.00014647359117721923,284.7093226872247,0.08429892139207577,5.6514684879651345,-1.093029577000146,6.056933596073299,0.905588146556547
286.91637092511013,0.0006155482830404268,286.91637092511013,0.00014508339288373385,286.91637092511013,0.08400826741375902,5.659190534059045,-1.0838976582418425,6.064655642167209,0.9069835797465733
289.1234191629956,0.0006116958961650054,289.1234191629956,0.00014371625434677734,289.1234191629956,0.0837204322021688,5.666853406804614,-1.074820590957928,6.072318514912778,0.9083683198569107
291.33046740088105,0.0006078966413598727,291.33046740088105,0.0001423716267252189,291.33046740088105,0.08343536856414101,5.674458006189833,-1.0657974690138303,6.079923114297998,0.9097425295223203
293.53751563876654,0.0006041493915790777,293.53751563876654,0.00014104897818674824,293.53751563876654,0.0831530304349589,5.682005211825215,-1.056827406045613,6.08747031993338,0.9111063676951943
295.74456387665197,0.0006004530519217333,295.74456387665197,0.00013974779325958908,295.74456387665197,0.08287337284330173,5.689495883554374,-1.04790953486332,6.094960991662538,0.9124599897558939
297.95161211453745,0.0005968065584837134,297.95161211453745,0.0001384675722134861,297.95161211453745,0.08259635187753048,5.696930862041891,-1.0390430068762617,6.102395970150056,0.9138035476189841
300.1586603524229,0.0005932088772585174,300.1586603524229,0.000137207830468443,300.1586603524229,0.08232192465325046,5.704310969339514,-1.030226991539308,6.109776077447679,0.9151371898355434
302.3657085903084,0.0005896590030848524,302.3657085903084,0.0001359680980297744,302.3657085903084,0.08205004928209353,5.711637009431587,-1.0214606758192326,6.117102117539751,0.9164610616917355
304.57275682819386,0.0005861559586386259,304.57275682819386,0.00013474791894811978,304.57275682819386,0.08178068484166566,5.718909768760667,-1.0127432636802696,6.124374876868831,0.9177753053037844
306.7798050660793,0.0005826987934671651,306.7798050660793,0.00013354685080314767,306.7798050660793,0.08151379134660819,5.726130016734154,-1.0040739755880215,6.131595124842319,0.9190800597095331
308.9868533039648,0.0005792865830636064,308.9868533039648,0.00013236446420974944,308.9868533039648,0.08124932972072424,5.733298506212766,-0.99545204803096,6.138763614320931,0.9203754609567105
311.1939015418502,0.0005759184279795124,311.1939015418502,0.00013120034234559202,311.1939015418502,0.0809872617701233,5.74041597398163,-0.9868767330587415,6.145881082089795,0.9216616421880615
313.4009497797357,0.0005725934529738759,313.4009497797357,0.00013005408049896375,313.4009497797357,0.08072755015734079,5.747483141204723,-0.9783472978366535,6.152948249312887,0.92293873372347
315.6079980176211,0.0005693108061967792,315.6079980176211,0.00012892528563590645,315.6079980176211,0.08047015837638971,5.7545007138633695,-0.9698630242154879,6.159965821971534,0.9242068631391982
317.8150462555066,0.0005660696584060612,317.8150462555066,0.00012781357598568474,317.8150462555066,0.08021505072870545,5.761469383179462,-0.9614232083162214,6.166934491287627,0.9254661553443643
320.0220944933921,0.0005628692022154447,320.0220944933921,0.00012671858064369507,320.0220944933921,0.07996219229994561,5.768389826024037,-0.9530271601288642,6.173854934132201,0.9267167326547762
322.22914273127753,0.0005597086513726483,322.22914273127753,0.00012563993919096822,322.22914273127753,0.07971154893760832,5.775262705311799,-0.9446742031249208,6.180727813419963,0.9279587148642259
324.436190969163,0.0005565872400660943,324.436190969163,0.00012457730132946394,324.436190969163,0.07946308722943604,5.7820886703821985,-0.936363673882875,6.187553778490363,0.929192219313352
326.64323920704845,0.000553504222258894,326.64323920704845,0.00012353032653240165,326.64323920704845,0.07921677448257097,5.788868357367577,-0.9280949217262017,6.194333465475742,0.9304173609561677
328.85028744493394,0.0005504588710488593,328.85028744493394,0.00012249868370891098,328.85028744493394,0.07897257870343186,5.795602389548921,-0.9198673083733683,6.201067497657085,0.9316342524243445
331.05733568281937,0.0005474504780533589,331.05733568281937,0.00012148205088232548,331.05733568281937,0.07873046857828228,5.802291377699718,-0.911680207599373,6.207756485807883,0.9328430040893572
333.26438392070486,0.0005444783528178943,333.26438392070486,0.0001204801148814779,333.26438392070486,0.07849041345446268,5.808935920418387,-0.9035330049083334,6.2144010285265505,0.9340437241225471
335.47143215859035,0.0005415418222473336,335.47143215859035,0.00011949257104439118,335.47143215859035,0.07825238332225848,5.815536604449739,-0.8954250972167119,6.221001712557903,0.9352365185532215
337.6784803964758,0.0005386402300587894,337.6784803964758,0.0001185191229337897,337.6784803964758,0.07801634879737981,5.822094004995898,-0.8873558925467361,6.227559113104062,0.9364214913248321
339.88552863436126,0.0005357729362551837,339.88552863436126,0.00011755948206388606,339.88552863436126,0.0777822811040275,5.828608686017091,-0.8793248097296358,6.234073794125256,0.9375987443493354
342.0925768722467,0.00053293931661859,342.0925768722467,0.00011661336763792896,342.0925768722467,0.07755015205852274,5.835081200522708,-0.8713312781182947,6.240546308630873,0.9387683775597855
344.2996251101322,0.0005301387622224842,344.2996251101322,0.00011568050629601994,344.2996251101322,0.07731993405347753,5.841512090853,-0.8633747373089733,6.246977198961163,0.939930488961242
346.5066733480176,0.0005273706789620871,346.5066733480176,0.00011476063187273748,346.5066733480176,0.07709160004248575,5.84790188895177,-0.8554546368717306,6.253366997059935,0.9410851746800474
348.7137215859031,0.0005246344871020123,348.7137215859031,0.00011385348516412674,348.7137215859031,0.0768651235253132,5.8542511166304285,-0.8475704360892383,6.259716224738593,0.9422325290115402
350.92076982378853,0.0005219296208404821,350.92076982378853,0.00011295881370363684,350.92076982378853,0.07664047853356898,5.860560285823693,-0.8397216037036411,6.266025393931858,0.9433726444662656
353.127818061674,0.0005192555278893992,353.127818061674,0.00011207637154660972,353.127818061674,0.07641763961683788,5.866829898837289,-0.831907617671186,6.272295006945454,0.9445056118147371
355.3348662995595,0.000516611669069608,355.3348662995595,0.00011120591906294241,355.3348662995595,0.07619658182925788,5.873060448587925,-0.8241279649243015,6.278525556696089,0.9456315201307992
357.54191453744494,0.0005139975179207006,357.54191453744494,0.00011034722273756582,357.54191453744494,0.0759772807165248,5.879252418835846,-0.8163821411408759,6.284717526944011,0.9467504568336532
359.7489627753304,0.000511412560324762,359.7489627753304,0.00010950005497839894,359.7489627753304,0.07575971230330807,5.885406284410225,-0.8086696505204397,6.290871392518389,0.9478625077285864
361.95601101321586,0.0005088562941434741,361.95601101321586,0.00010866419393145498,361.95601101321586,0.07554385308106287,5.89152251142766,-0.8009900055670233,6.296987619535825,0.9489677570464581
364.16305925110134,0.0005063282288680243,364.16305925110134,0.00010783942330279204,364.16305925110134,0.07532967999622317,5.897601557504043,-0.7933427268784183,6.303066665612207,0.950066287481982
366.3701074889868,0.0005038278852812942,366.3701074889868,0.00010702553218701562,366.3701074889868,0.07511717043876158,5.903643871960005,-0.7857273429416346,6.30910898006817,0.9511581802308583
368.57715572687226,0.0005013547951318266,368.57715572687226,0.00010622231490205405,368.57715572687226,0.07490630223110331,5.909649896020217,-0.7781433899343033,6.315115004128382,0.9522435150257808
370.7842039647577,0.0004989085008190908,370.7842039647577,0.00010542957082994216,370.7842039647577,0.07469705361738,5.915620063006721,-0.7705904115318286,6.321085171114885,0.9533223701713794
372.9912522026432,0.0004964885550895925,372.9912522026432,0.00010464710426336063,372.9912522026432,0.07448940325301226,5.921554798526535,-0.7630679587200715,6.3270199066347,0.9543948225781202
375.19830044052867,0.0004940945207433907,375.19830044052867,0.00010387472425769081,375.19830044052867,0.0742833301946083,5.927454520653724,-0.7555755896133703,6.332919628761888,0.9554609477952053
377.4053486784141,0.0004917259703506083,377.4053486784141,0.0001031122444883554,377.4053486784141,0.07407881389016742,5.933319640106122,-0.7481128692777074,6.3387847482142865,0.95652082004251
379.6123969162996,0.000489382485977538,379.6123969162996,0.00010235948311322784,379.6123969162996,0.07387583416957767,5.939150560416915,-0.7406793695588392,6.34461566852508,0.957574512241589
381.819445154185,0.0004870636589219676,381.819445154185,0.00010161626263990095,381.819445154185,0.07367437123539694,5.944947678101241,-0.7332746689152139,6.3504127862094055,0.9586220960457803
384.0264933920705,0.0004847690894573605,384.0264933920705,0.00010088240979761819,384.0264933920705,0.07347440565390759,5.950711382817992,-0.7258983522555089,6.356176490926155,0.9596636418694453
386.23354162995594,0.00048249838658554823,386.23354162995594,0.00010015775541367647,386.23354162995594,0.07327591834643507,5.956442057526976,-0.7185500107806252,6.361907165635141,0.9606992189163719
388.4405898678414,0.0004802511677976034,388.4405898678414,9.94421342941217e-05,388.4405898678414,0.07307889058092125,5.962140078641614,-0.7112292418299847,6.3676051867497785,0.9617288952073628
390.6476381057269,0.00047802705884257964,390.6476381057269,9.873538510856396e-05,390.6476381057269,0.0728833039637434,5.967805816177291,-0.7039356487319798,6.373270924285456,0.9627527376070468
392.85468634361234,0.00047582569350381485,392.85468634361234,9.803735027894781e-05,392.85468634361234,0.07268914043177069,5.9734396338955476,-0.696668840658432,6.378904742003711,0.9637708118499363
395.06173458149783,0.00047364671338251136,395.06173458149783,9.73478758721213e-05,395.06173458149783,0.0724963822446498,5.979041889444217,-0.6894284324829221,6.384506997552382,0.9647831825657476
397.26878281938326,0.00047148976768831587,397.26878281938326,9.66668114960537e-05,397.26878281938326,0.07230501197731178,5.984612934493673,-0.6822140446428577,6.390078042601837,0.9657899133040263
399.47583105726875,0.00046935451303663553,399.47583105726875,9.599401019955815e-05,399.47583105726875,0.07211501251269303,5.990153114869288,-0.6750253030051515,6.395618222977452,0.9667910665580792
401.6828792951542,0.0004672406132524389,401.6828792951542,9.532932837538329e-05,401.6828792951542,0.07192636703466238,5.995662770680258,-0.6678618387353875,6.401127878788421,0.9677867037882574
403.88992753303967,0.0004651477391802981,403.88992753303967,9.467262566654242e-05,403.88992753303967,0.07173905902114824,6.001142236444883,-0.6607232881703544,6.406607344553048,0.9687768854445937
406.09697577092516,0.00046307556850044173,406.09697577092516,9.40237648757553e-05,406.09697577092516,0.07155307223745845,6.0065918412124475,-0.6536092926938358,6.412056949320612,0.9697616709888268
408.3040240088106,0.0004610237855505976,408.3040240088106,9.338261187788356e-05,408.3040240088106,0.07136839072978685,6.012011908681787,-0.6465194986155453,6.4174770167899515,0.970741118915829
410.5110722466961,0.00045899208115341095,410.5110722466961,9.274903553524441e-05,410.5110722466961,0.07118499881889992,6.017402757316663,-0.6394535570530989,6.422867865424828,0.9717152867744547
412.7181204845815,0.0004569801524492367,412.7181204845815,9.212290761569451e-05,412.7181204845815,0.07100288109399827,6.0227647004580485,-0.632411123816928,6.428229808566213,0.9726842311878309
414.925168722467,0.0004549877027341099,414.925168722467,9.150410271337789e-05,414.925168722467,0.07082202240674645,6.028098046433412,-0.6253918592980284,6.4335631545415755,0.9736480078731038
417.1322169603524,0.0004530144413027068,417.1322169603524,9.089249817203904e-05,417.1322169603524,0.07064240786546619,6.033403098663104,-0.6183954283584565,6.438868206771269,0.9746066716606684
419.3392651982379,0.0004510600832961185,419.3392651982379,9.028797401080429e-05,419.3392651982379,0.07046402282948752,6.038680155763949,-0.6114215002244767,6.444145263872112,0.9755602765128835
421.54631343612334,0.00044912434955426527,421.54631343612334,8.969041285234047e-05,421.54631343612334,0.07028685290365266,6.043929511650092,-0.6044697483822739,6.449394619758256,0.9765088755422988
423.75336167400883,0.00044720696647278447,423.75336167400883,8.909969985330177e-05,423.75336167400883,0.07011088393296805,6.049151455631243,-0.597539850476147,6.454616563739408,0.9774525210294066
425.9604099118943,0.00044530766586423754,425.9604099118943,8.851572263698183e-05,425.9604099118943,0.0699361019973992,6.054346272508347,-0.5906314882090984,6.459811380616512,0.9783912644399307
428.16745814977975,0.0004434261848234811,428.16745814977975,8.793837122808905e-05,428.16745814977975,0.06976249340680483,6.059514242666791,-0.5837443472457431,6.4649793507749544,0.9793251564416687
430.37450638766524,0.0004415622655970576,430.37450638766524,8.736753798956856e-05,430.37450638766524,0.06959004469600456,6.064655642167209,-0.5768781171174602,6.470120750275373,0.9802542469209039
432.58155462555067,0.00043971565545646604,432.58155462555067,8.680311756139628e-05,432.58155462555067,0.06941874261997723,6.069770742833979,-0.57003249112971,6.475235850942144,0.9811785849983943
434.78860286343615,0.00043788610657517757,434.78860286343615,8.624500680127391e-05,434.78860286343615,0.06924857414918503,6.074859812341451,-0.5632071662714504,6.480324920449615,0.9820982190449558
436.9956511013216,0.00043607337590926784,436.9956511013216,8.569310472715689e-05,436.9956511013216,0.06907952646501976,6.079923114297998,-0.5564018431265778,6.485388222406161,0.9830131966966512
439.2026993392071,0.0004342772250815405,439.2026993392071,8.514731246154912e-05,439.2026993392071,0.06891158695536721,6.084960908327955,-0.5496162257873306,6.490426016436119,0.9839235648695971
441.4097475770925,0.0004324974202690253,441.4097475770925,8.46075331775027e-05,441.4097475770925,0.06874474321028651,6.089973450151499,-0.5428500217695876,6.495438558259663,0.9848293697743988
443.616795814978,0.0004307337320937334,443.616795814978,8.407367204626126e-05,443.616795814978,0.06857898301780034,6.094960991662538,-0.5361029419299991,6.500426099770702,0.9857306569302257
445.8238440528635,0.0004289859355165621,445.8238440528635,8.354563618649014e-05,445.8238440528635,0.06841429435979325,6.099923781004667,-0.529374700384892,6.505388889112831,0.9866274711785338
448.0308922907489,0.00042725380973424233,448.0308922907489,8.302333461503676e-05,448.0308922907489,0.06825066540801397,6.10486206264525,-0.5226650144308875,6.510327170753414,0.9875198566964607
450.2379405286344,0.00042553713807922625,450.2379405286344,8.250667819916854e-05,450.2379405286344,0.06808808452017948,6.109776077447679,-0.5159736044671775,6.515241185555843,0.9884078570098747
452.4449887665198,0.00042383570792241915,452.4449887665198,8.19955796102372e-05,452.4449887665198,0.06792654023617724,6.11466606274187,-0.5093001939194016,6.520131170850035,0.9892915150061193
454.6520370044053,0.00042214931057865944,454.6520370044053,8.148995327871941e-05,454.6520370044053,0.06776602127436275,6.119532252393043,-0.5026445091650746,6.5249973605012075,0.9901708729464412
456.85908524229075,0.0004204777412148574,456.85908524229075,8.098971535058757e-05,456.85908524229075,0.06760651652794955,6.124374876868831,-0.4960062794605107,6.529839984976996,0.9910459724781152
459.06613348017623,0.00041882079876070485,459.06613348017623,8.049478364496411e-05,459.06613348017623,0.06744801506148915,6.12919416330478,-0.4893852368691934,6.534659271412944,0.9919168546462848
461.2731817180617,0.00041717828582187245,461.2731817180617,8.000507761301682e-05,461.2731817180617,0.06729050610743793,6.1339903355682734,-0.4827811161915463,6.539455443676437,0.9927835599055088
463.48022995594715,0.0004155500085956129,463.48022995594715,7.952051829805213e-05,463.48022995594715,0.0671339790628088,6.138763614320931,-0.47619365489605275,6.544228722429096,0.993646128131041
465.68727819383264,0.00041393577678869287,465.68727819383264,7.904102829676663e-05,465.68727819383264,0.0669784234859046,6.143514217079529,-0.4696225930516814,6.548979325187693,0.9945045986298392
467.89432643171807,0.0004123354035375795,467.89432643171807,7.856653172161767e-05,467.89432643171807,0.0668238290931317,6.148242358275475,-0.4630676732615735,6.553707466383639,0.9953590101513083
470.10137466960356,0.00041074870533080673,470.10137466960356,7.809695416427575e-05,470.10137466960356,0.0666701857558906,6.152948249312887,-0.4565286405979457,6.558413357421052,0.9962094008978014
472.308422907489,0.0004091755019334553,472.308422907489,7.763222266012268e-05,472.308422907489,0.06651748349754195,6.157632098625314,-0.4500052425381692,6.563097206733478,0.9970558085348645
474.5154711453745,0.00040761561631367653,474.5154711453745,7.717226565376103e-05,474.5154711453745,0.06636571249044539,6.162294111731125,-0.44349722890198273,6.56775921983929,0.9978982702012505
476.72251938325996,0.00040606887457119686,476.72251938325996,7.671701296550153e-05,476.72251938325996,0.0662148630530695,6.166934491287627,-0.4370043517898001,6.5723995993957915,0.9987368225186959
478.9295676211454,0.00040453510586774076,478.9295676211454,7.626639575879606e-05,478.9295676211454,0.06606492564717069,6.171553437143921,-0.43052636552207246,6.577018545252086,0.99957150160147
481.1366158590309,0.000403014142359311,481.1366158590309,7.582034650858603e-05,481.1366158590309,0.06591589087503874,6.176151146392551,-0.4240630265796691,6.581616254500715,1.0004023430657143
483.3436640969163,0.00040150581913027015,483.3436640969163,7.537879897053571e-05,483.3436640969163,0.06576774947680798,6.180727813419963,-0.41761409354523854,6.586192921528127,1.0012293820385572
485.5507123348018,0.00040000997412916524,485.5507123348018,7.494168815112213e-05,485.5507123348018,0.06562049232783117,6.185283629955824,-0.411179327045514,6.590748738063988,1.0020526531670244
487.75776057268723,0.0003985264481062439,487.75776057268723,7.450895027855445e-05,487.75776057268723,0.06547411043611524,6.189818785121215,-0.4047584896945291,6.59528389322938,1.0028721906267524
489.9648088105727,0.0003970550845526086,489.9648088105727,7.408052277449518e-05,489.9648088105727,0.06532859493981674,6.194333465475742,-0.39835134603770855,6.599798573583906,1.003688028130498
492.17185704845815,0.0003955957296409595,492.17185704845815,7.365634422655887e-05,492.17185704845815,0.06518393710479538,6.198827855063581,-0.3919576624968009,6.604292963171745,1.0045001989364617
494.37890528634364,0.00039414823216787724,494.37890528634364,7.323635436156252e-05,494.37890528634364,0.06504012832222408,6.203302135458502,-0.38557720731562073,6.608767243566667,1.0053087358564219
496.5859535242291,0.0003927124434975993,496.5859535242291,7.282049401950462e-05,496.5859535242291,0.06489716010625418,6.207756485807883,-0.379209750506567,6.613221593916046,1.0061136712636878
498.79300176211456,0.00039128821750724447,498.79300176211456,7.240870512824964e-05,498.79300176211456,0.0647550240917339,6.212191082875748,-0.3728550637978887,6.6176561909839124,1.0069150371008813
501.00005000000004,0.00038987541053344185,501.00005000000004,7.20009306788956e-05,501.00005000000004,0.06461371203197903,6.2166061010848646,-0.36651292058166435,6.622071209193029,1.0077128648875386
503.2070982378855,0.0003884738813203236,503.2070982378855,7.159711470180415e-05,503.2070982378855,0.06447321579659417,6.221001712557903,-0.36018309586246744,6.626466820666067,1.0085071857275525
505.41414647577096,0.0003870834909688383,505.41414647577096,7.119720224327149e-05,505.41414647577096,0.06433352736934318,6.225378087157702,-0.3538653662066873,6.630843195265866,1.0092980303164452
507.6211947136564,0.0003857041028873487,507.6211947136564,7.08011393428212e-05,507.6211947136564,0.06419463884606781,6.229735392526657,-0.3475595096924769,6.635200500634822,1.0100854289484886
509.8282429515419,0.00038433558274347324,509.8282429515419,7.04088730110996e-05,509.8282429515419,0.06405654243265257,6.234073794125256,-0.3412653058602978,6.63953890223342,1.0108694115236665
512.0352911894273,0.00038297779841713715,512.0352911894273,7.002035120835469e-05,512.0352911894273,0.0639192304430355,6.238393455269772,-0.33498253566403785,6.643858563377936,1.011650007554488
514.2423394273128,0.00038163061995479555,514.2423394273128,6.963552282348147e-05,514.2423394273128,0.06378269529726285,6.242694537169163,-0.3287109814226693,6.648159645277327,1.0124272461726518
516.4493876651983,0.0003802939195247964,516.4493876651983,6.925433765361598e-05,516.4493876651983,0.06364692951958684,6.246977198961163,-0.32245042677242447,6.652442307069328,1.0132011561355734
518.6564359030838,0.0003789675713738483,518.6564359030838,6.887674638426176e-05,518.6564359030838,0.06351192573660548,6.2512415977476214,-0.3162006566194607,6.656706705855785,1.0139717658327656
520.8634841409691,0.00037765145178456284,520.8634841409691,6.850270056993239e-05,520.8634841409691,0.06337767667544322,6.255487888629072,-0.3099614570929871,6.660952996737237,1.0147391032920892
523.0705323788546,0.000376345439034039,523.0705323788546,6.813215261529444e-05,523.0705323788546,0.06324417516197114,6.259716224738593,-0.30373261549882974,6.665181332846758,1.0155031961858711
525.2775806167401,0.000375049413353462,525.2775806167401,6.776505575679684e-05,525.2775806167401,0.06311141411906614,6.263926757274937,-0.2975139202734084,6.669391865383101,1.0162640718368894
527.4846288546256,0.00037376325688868447,527.4846288546256,6.740136404477078e-05,527.4846288546256,0.06297938656490772,6.268119635534973,-0.29130516093809883,6.673584743643137,1.0170217572242388
529.6916770925111,0.0003724868536617654,529.6916770925111,6.704103232598699e-05,529.6916770925111,0.06284808561131162,6.272295006945454,-0.28510612805395696,6.677760115053617,1.0177762789890685
531.8987253303965,0.000371220089533437,531.8987253303965,6.668401622665742e-05,531.8987253303965,0.06271750446209913,6.276453017094117,-0.27891661317677924,6.681918125202282,1.0185276634402036
534.105773568282,0.00036996285216647464,534.105773568282,6.633027213586637e-05,534.105773568282,0.06258763641150156,6.280593809760148,-0.27273640881247585,6.686058917868313,1.0192759365596498
536.3128218061674,0.00036871503098994513,536.3128218061674,6.597975718942104e-05,536.3128218061674,0.06245847484259845,6.284717526944011,-0.26656530837273007,6.690182635052175,1.020021124007984
538.5198700440529,0.00036747651716430687,538.5198700440529,6.5632429254107e-05,538.5198700440529,0.06233001322578914,6.288824308896664,-0.26040310613092243,6.694289417004828,1.0207632511296356
540.7269182819383,0.00036624720354734016,540.7269182819383,6.528824691233806e-05,540.7269182819383,0.062202245117296676,6.292914294148189,-0.25424959717829365,6.698379402256354,1.0215023429580563
542.9339665198238,0.0003650269846608828,542.9339665198238,6.49471694471887e-05,542.9339665198238,0.06207516415770307,6.296987619535825,-0.2481045773803226,6.70245272764399,1.0222384242207887
545.1410147577093,0.0003638157566583508,545.1410147577093,6.460915682779845e-05,545.1410147577093,0.061948764070515486,6.301044420231439,-0.24196784333329702,6.706509528339604,1.0229715193444304
547.3480629955948,0.0003626134172930207,547.3480629955948,6.427416969513651e-05,547.3480629955948,0.061823038660762275,6.305084829768444,-0.23583919232105094,6.710549937876609,1.0237016524594968
549.5551112334803,0.00036141986588705355,549.5551112334803,6.394216934811797e-05,549.5551112334803,0.06169798181361818,6.30910898006817,-0.22971842227184616,6.7145740881763345,1.0244288474051892
551.7621594713656,0.0003602350033012405,551.7621594713656,6.361311773005967e-05,551.7621594713656,0.06157358749305829,6.3131170014657085,-0.22360533171537506,6.718582109573873,1.0251531277340609
553.9692077092511,0.0003590587319054497,553.9692077092511,6.328697741546774e-05,553.9692077092511,0.06144984974053947,6.317109022735246,-0.21749971973985938,6.722574130843411,1.0258745167166
556.1762559471366,0.00035789095554975605,556.1762559471366,6.296371159714643e-05,556.1762559471366,0.061326762673709234,6.321085171114885,-0.2114013859492213,6.72655027922305,1.0265930373457102
558.3833041850221,0.0003567315795362354,558.3833041850221,6.264328407361953e-05,558.3833041850221,0.06120432048514076,6.325045572330982,-0.20531013042030455,6.730510680439147,1.0273087123411135
560.5903524229075,0.0003555805105914049,560.5903524229075,6.232565923685571e-05,560.5903524229075,0.06108251744109397,6.328990350621999,-0.19922575366011988,6.734455458730163,1.028021564153656
562.797400660793,0.00035443765683929274,562.797400660793,6.201080206028891e-05,562.797400660793,0.06096134788030172,6.332919628761888,-0.19314805656309209,6.738384736870053,1.0287316149695362
565.0044488986784,0.0003533029277751199,565.0044488986784,6.169867808712617e-05,565.0044488986784,0.06084080621278047,6.336833528083025,-0.18707684036828365,6.742298636191189,1.0294388867144493
567.2114971365639,0.0003521762342395789,567.2114971365639,6.138925341893406e-05,567.2114971365639,0.06072088691866521,6.340732168498682,-0.1810119066165709,6.746197276606846,1.0301434010576458
569.4185453744494,0.0003510574883936918,569.4185453744494,6.108249470449725e-05,569.4185453744494,0.06060158454706744,6.34461566852508,-0.17495305710774883,6.750080776633244,1.0308451794159201
571.6255936123348,0.00034994660369423416,571.6255936123348,6.077836912894035e-05,571.6255936123348,0.06048289371495639,6.348484145303,-0.16890009385753807,6.7539492534111645,1.0315442429575132
573.8326418502203,0.00034884349486970836,573.8326418502203,6.0476844403106704e-05,573.8326418502203,0.060364809106062185,6.35233771461899,-0.16285281905447171,6.757802822727154,1.032240612605946
576.0396900881058,0.0003477480778968541,576.0396900881058,6.017788875318711e-05,576.0396900881058,0.0602473254698012,6.356176490926155,-0.1568110350166345,6.76164159903432,1.0329343090437768
578.2467383259913,0.0003466602699776797,578.2467383259913,5.9881470910591213e-05,578.2467383259913,0.06013043762022236,6.360000587364559,-0.15077454414822883,6.765465695472724,1.033625352716284
580.4537865638766,0.0003455799895170022,580.4537865638766,5.9587560102055174e-05,580.4537865638766,0.060014140434974335,6.363810115781226,-0.14474314889594367,6.769275223889391,1.0343137638350883
582.6608348017621,0.00034450715610048234,582.6608348017621,5.929612603997946e-05,582.6608348017621,0.05989842885429306,6.3676051867497785,-0.13871665170509825,6.773070294857942,1.0349995623816934
584.8678830396476,0.0003434416904731431,584.8678830396476,5.900713891299051e-05,584.8678830396476,0.05978329788000907,6.3713859095896845,-0.13269485497553454,6.776851017697849,1.0356827681109704
587.0749312775331,0.00034238351451835715,587.0749312775331,5.8720569376719763e-05,587.0749312775331,0.059668742574574135,6.375152392385161,-0.12667756101723085,6.780617500493325,1.0363634005545679
589.2819795154186,0.0003413325512372928,589.2819795154186,5.8436388544795e-05,589.2819795154186,0.05955475806010686,6.378904742003712,-0.12066457200561038,6.784369850111876,1.037041479024267
591.489027753304,0.0003402887247288069,591.489027753304,5.8154567980038035e-05,591.489027753304,0.059441339517456754,6.382643064114318,-0.11465568993651513,6.788108172222484,1.0377170226152674
593.6960759911894,0.00033925196016977214,593.6960759911894,5.78750796858628e-05,593.6960759911894,0.059328482185286274,6.386367463205302,-0.10865071658081707,6.791832571313465,1.0383900502094123
595.9031242290749,0.00033822218379582904,595.9031242290749,5.7597896097869706e-05,595.9031242290749,0.0592161813591706,6.390078042601837,-0.10264945343863825,6.795543150710001,1.0390605804783573
598.1101724669604,0.0003371993228825511,598.1101724669604,5.7322990075629735e-05,598.1101724669604,0.05910443239071466,6.393774904483163,-0.09665170169314852,6.799240012591327,1.0397286318866772
600.3172207048458,0.00033618330572701325,600.3172207048458,5.7050334894654466e-05,600.3172207048458,0.05899323068668693,6.397458149899459,-0.09065726216391141,6.802923258007624,1.0403942226949168
602.5242689427313,0.000335174061629753,602.5242689427313,5.6779904238546195e-05,602.5242689427313,0.058882571708169656,6.401127878788421,-0.08466593525974753,6.806592986896586,1.0410573709625883
604.7313171806168,0.0003341715208771152,604.7313171806168,5.651167219132443e-05,604.7313171806168,0.05877245096972532,6.404784189991533,-0.07867752093108199,6.810249298099697,1.0417180945511086
606.9383654185023,0.0003331756147239705,606.9383654185023,5.624561322992333e-05,606.9383654185023,0.05866286403857869,6.408427181270033,-0.072691818621745,6.813892289378198,1.0423764111266864
609.1454136563877,0.0003321862753767978,609.1454136563877,5.598170221685631e-05,609.1454136563877,0.05855380653381442,6.412056949320612,-0.06670862722019048,6.817522057428777,1.0430323381631574
611.3524618942731,0.00033120343597712297,611.3524618942731,5.571991439304295e-05,611.3524618942731,0.058445274125589364,6.4156735897908,-0.060727745010100476,6.821138697898965,1.043685892944768
613.5595101321586,0.00033022703058530354,613.5595101321586,5.546022537079465e-05,613.5595101321586,0.05833726253436002,6.419277197294099,-0.054748969620337234,6.824742305402264,1.0443370925689066
615.7665583700441,0.0003292569941646527,615.7665583700441,5.520261112695443e-05,615.7665583700441,0.05822976753012405,6.422867865424828,-0.0487720979742096,6.8283329735329925,1.0449859539487856
617.9736066079296,0.0003282932625658924,617.9736066079296,5.494704799618736e-05,617.9736066079296,0.05812278493167584,6.426445686772712,-0.04279692623801497,6.831910794880876,1.0456324938160833
620.1806548458151,0.00032733577251192904,620.1806548458151,5.469351266441739e-05,620.1806548458151,0.058016310605876115,6.430010752937208,-0.036823249768817595,6.8354758610453725,1.0462767287235264
622.3877030837004,0.00032638446158294346,622.3877030837004,5.4441982162407376e-05,622.3877030837004,0.05791034046693462,6.4335631545415755,-0.030850863061426228,6.83902826264974,1.0469186750474344
624.5947513215859,0.0003254392682017871,624.5947513215859,5.419243385947823e-05,624.5947513215859,0.057804870475706226,6.437102981246699,-0.024879559694527903,6.842568089354864,1.0475583489902212
626.8017995594714,0.0003245001316196786,626.8017995594714,5.394484545736396e-05,626.8017995594714,0.057699896638999805,6.440630321764668,-0.018909132275937234,6.8460954298728325,1.0481957665828436
629.0088477973569,0.00032356699190219077,629.0088477973569,5.369919498419921e-05,629.0088477973569,0.05759541500889969,6.444145263872112,-0.01293937238691731,6.849610371980277,1.0488309436872145
631.2158960352423,0.00032263978991552486,631.2158960352423,5.345546078863578e-05,631.2158960352423,0.05749142168209939,6.447647894423315,-0.006970070525528332,6.8531130025314795,1.0494638959985714
633.4229442731278,0.00032171846731306143,633.4229442731278,5.32136215340851e-05,633.4229442731278,0.0573879127992476,6.451138299363083,-0.0010010160489556863,6.856603407471248,1.0500946390478039
635.6299925110133,0.0003208029665221844,635.6299925110133,5.297365619308369e-05,635.6299925110133,0.057284884544305734,6.454616563739408,0.004968002885226953,6.860081671847572,1.050723188203738
637.8370407488987,0.0003198932307313695,637.8370407488987,5.273554404177805e-05,637.8370407488987,0.05718233314391706,6.458082771715894,0.010937199378912956,6.863547879824059,1.0513495586753845
640.0440889867842,0.00031898920387753247,640.0440889867842,5.24992646545267e-05,640.0440889867842,0.05708025486678726,6.461537006583982,0.016906787854484993,6.867002114692146,1.0519737655141495
642.2511372246696,0.0003180908306336302,642.2511372246696,5.226479789861598e-05,642.2511372246696,0.05697864602307593,6.4649793507749544,0.0228769841170565,6.870444458883119,1.052595823616
644.4581854625551,0.00031719805639650875,644.4581854625551,5.2032123929087023e-05,644.4581854625551,0.05687750296379896,6.468409885871744,0.028848005417991478,6.873874993979908,1.053215747723599
646.6652337004406,0.00031631082727499367,646.6652337004406,5.180122318367131e-05,646.6652337004406,0.05677682208024136,6.471828692620529,0.03482007051975473,6.877293800728694,1.0538335524284046
648.8722819383261,0.00031542909007821484,648.8722819383261,5.1572076377832024e-05,648.8722819383261,0.05667659980338075,6.475235850942144,0.04079339976215428,6.8807009590503085,1.0544492521727251
651.0793301762114,0.00031455279230416293,651.0793301762114,5.1344664499908584e-05,651.0793301762114,0.0565768326033207,6.478631439943282,0.04676821513003692,6.884096548051446,1.055062861251751
653.2863784140969,0.00031368188212846983,653.2863784140969,5.111896880636211e-05,653.2863784140969,0.05647751698873418,6.482015537927523,0.05274474032250073,6.887480646035687,1.0556743938155408
655.4934266519824,0.0003128163083934101,655.4934266519824,5.089497081711911e-05,655.4934266519824,0.056378649506316714,6.485388222406162,0.058723200823689536,6.890853330514326,1.0562838638709822
657.7004748898679,0.00031195602059711603,657.7004748898679,5.067265231101136e-05,657.7004748898679,0.05628022674024905,6.488749570108866,0.06470382397523924,6.894214678217031,1.0568912852837185
659.9075231277534,0.00031110096888300386,659.9075231277534,5.045199532130931e-05,659.9075231277534,0.05618224531166921,6.4920996569941485,0.07068683905044848,6.897564765102313,1.0574966717800358
662.1145713656388,0.0003102511040294042,662.1145713656388,5.023298213134711e-05,662.1145713656388,0.0560847018781535,6.495438558259663,0.07667247733024471,6.900903666367827,1.0581000369487303
664.3216196035243,0.0003094063774393938,664.3216196035243,5.0015595270236886e-05,664.3216196035243,0.055987593133206816,6.498766348352338,0.08266097218102636,6.9042314564605025,1.0587013942429353
666.5286678414097,0.00030856674113082216,666.5286678414097,4.9799817508670305e-05,666.5286678414097,0.055890915805761464,6.502083100978332,0.08865255913446089,6.907548209086496,1.0593007569819208
668.7357160792952,0.0003077321477265316,668.7357160792952,4.958563185480527e-05,668.7357160792952,0.05579466665968448,6.505388889112831,0.09464747596932183,6.910853997220996,1.0598981383528652
670.9427643171807,0.0003069025504447624,670.9427643171807,4.9373021550235713e-05,670.9427643171807,0.055698842493293765,6.5086837850096835,0.10064596279545296,6.914148893117848,1.0604935514125946
673.1498125550661,0.000306077903089743,673.1498125550661,4.916197006604274e-05,673.1498125550661,0.0556034401388821,6.5119678602108735,0.10664826213995171,6.917432968319038,1.0610870090892977
675.3568607929516,0.0003052581600424576,675.3568607929516,4.895246109892485e-05,675.3568607929516,0.05550845646224929,6.515241185555843,0.1126546190356654,6.920706293664007,1.0616785241842055
677.5639090308371,0.0003044432762515903,677.5639090308371,4.874447856740599e-05,677.5639090308371,0.05541388836224253,6.518503831190659,0.11866528111210135,6.923968939298824,1.0622681093732542
679.7709572687226,0.00030363320722463907,679.7709572687226,4.8538006608118975e-05,679.7709572687226,0.055319732770304074,6.5217558665770365,0.12468049868885447,6.927220974685201,1.0628557772087084
681.9780055066079,0.000302827909019198,681.9780055066079,4.833302957216304e-05,681.9780055066079,0.05522598665002682,6.5249973605012075,0.1307005248716582,6.930462468609372,1.063441540120772
684.1850537444934,0.0003020273382344029,684.1850537444934,4.8129532021533375e-05,684.1850537444934,0.05513264699671733,6.528228381082654,0.1367256156511775,6.933693489190818,1.0640254104191593
686.3921019823789,0.00030123145200253696,686.3921019823789,4.792749872562172e-05,686.3921019823789,0.05503971083696601,6.531448995782696,0.14275603000465575,6.936914103890861,1.0646074002946495
688.5991502202644,0.00030044020798079325,688.5991502202644,4.772691465778526e-05,688.5991502202644,0.054947175228224544,6.534659271412945,0.1487920300005451,6.940124379521109,1.0651875218206155
690.8061984581499,0.00029965356434319033,690.8061984581499,4.752776499198349e-05,690.8061984581499,0.054855037258390325,6.5378592741436155,0.15483388090624697,6.94332438225178,1.0657657869545252
693.0132466960353,0.0002988714797726374,693.0132466960353,4.733003509948068e-05,693.0132466960353,0.05476329404539778,6.541049069511716,0.16088185129909788,6.94651417761988,1.0663422075394204
695.2202949339207,0.00029809391345314676,695.2202949339207,4.713371054561255e-05,695.2202949339207,0.054671942736816456,6.544228722429096,0.16693621318074617,6.949693830537259,1.0669167953053726
697.4273431718062,0.00029732082506218904,697.4273431718062,4.693877708661631e-05,697.4273431718062,0.054580980509455625,6.547398297190374,0.1729972420950633,6.9528634052985385,1.0674895618709135
699.6343914096917,0.0002965521747631892,699.6343914096917,4.6745220666521636e-05,699.6343914096917,0.054490404568975505,6.550557857480743,0.17906521724975105,6.956022965588907,1.0680605187444483
701.8414396475771,0.00029578792319816,701.8414396475771,4.655302741410226e-05,701.8414396475771,0.0544002121495047,6.5537074663836385,0.1851404216418036,6.959172574491803,1.068629677325639
704.0484878854626,0.000295028031480469,704.0484878854626,4.636218363988594e-05,704.0484878854626,0.054310400513263996,6.556847186388307,0.1912231421870001,6.9623122944964715,1.069197048906775
706.2555361233481,0.00029427246118773887,706.2555361233481,4.6172675833222174e-05,706.2555361233481,0.054220966950196264,6.5599770793972345,0.19731366985360355,6.965442187505399,1.0697626446741106
708.4625843612336,0.0002935211743548744,708.4625843612336,4.598449065940588e-05,708.4625843612336,0.05413190877760216,6.563097206733478,0.20341229980045955,6.968562314841642,1.0703264757091953
710.669632599119,0.00029277413346721703,710.669632599119,4.5797614956856144e-05,710.669632599119,0.05404322333978205,6.56620762914787,0.2095193315196881,6.971672737256035,1.0708885529901726
712.8766808370044,0.00029203130145382235,712.8766808370044,4.561203573434867e-05,712.8766808370044,0.05395490800768333,6.569308406826119,0.21563506898418333,6.9747735149342835,1.0714488873930628
715.0837290748899,0.0002912926416808579,715.0837290748899,4.542774016830069e-05,715.0837290748899,0.05386696017855375,6.5723995993957915,0.2217598208001334,6.977864707503956,1.0720074896930265
717.2907773127754,0.00029055811794512,717.2907773127754,4.524471560010731e-05,717.2907773127754,0.0537793772756,6.5754812659332,0.22789390036479656,6.980946374041364,1.0725643705656083
719.4978255506609,0.0002898276944676657,719.4978255506609,4.506294953352814e-05,719.4978255506609,0.05369215674765192,6.57855346497017,0.23403762602977346,6.984018573078334,1.0731195405879594
721.7048737885463,0.00028910133588755854,721.7048737885463,4.4882429632123045e-05,721.7048737885463,0.053605296068832,6.581616254500716,0.24019132127003004,6.98708136260888,1.0736730102400454
723.9119220264317,0.0002883790072557248,723.9119220264317,4.470314371673595e-05,723.9119220264317,0.053518792738230035,6.584669691987606,0.24635531485894166,6.99013480009577,1.0742247899058313
726.1189702643172,0.00028766067402891907,726.1189702643172,4.452507976302572e-05,726.1189702643172,0.05343264427958318,6.587713834368834,0.2525299410496401,6.993178942476998,1.0747748898744496
728.3260185022027,0.0002869463020637958,728.3260185022027,4.43482258990432e-05,728.3260185022027,0.05334684824096063,6.590748738063988,0.2587155397629618,6.996213846172153,1.075323320341356
730.5330667400882,0.0002862358576110852,730.5330667400882,4.4172570402853e-05,730.5330667400882,0.053261402194453744,6.593774458980525,0.2649124567823126,6.999239567088689,1.0758700914094566
732.7401149779736,0.0002855293073098713,732.7401149779736,4.399810170019959e-05,732.7401149779736,0.053176303735870574,6.596791052519951,0.2711210439557786,7.002256160628115,1.0764152130902314
734.9471632158591,0.00028482661818197015,734.9471632158591,4.38248083622165e-05,734.9471632158591,0.05309155048443548,6.599798573583906,0.27734165940583544,7.00526368169207,1.0769586953048293
737.1542114537446,0.0002841277576264058,737.1542114537446,4.3652679103177536e-05,737.1542114537446,0.053007140082493305,6.6027970765801625,0.28357466774702433,7.008262184688327,1.0775005478851538
739.36125969163,0.00028343269341398234,739.36125969163,4.3481702778289406e-05,739.36125969163,0.052923070195218094,6.605786615428529,0.289820440311984,7.011251723536693,1.078040780574929
741.5683079295154,0.00028274139368194987,741.5683079295154,4.3311868381524944e-05,741.5683079295154,0.05283933851032647,6.608767243566667,0.29607935538625313,7.01423235167483,1.0785794030307525
743.7753561674009,0.0002820538269287629,743.7753561674009,4.314316504349554e-05,743.7753561674009,0.05275594273779523,6.611739013955824,0.30235179845227717,7.017204122063989,1.0791164248231293
745.9824044052864,0.00028136996200892874,745.9824044052864,4.297558202936258e-05,745.9824044052864,0.05267288060958352,6.6147019790864805,0.30863816244308184,7.020167087194645,1.0796518554374936
748.1894526431719,0.00028068976812794437,748.1894526431719,4.280910873678668e-05,748.1894526431719,0.052590149879359074,6.6176561909839124,0.31493884800610084,7.023121299092077,1.0801857042752128
750.3965008810574,0.00028001321483732004,750.3965008810574,4.264373469391408e-05,750.3965008810574,0.05250774832222878,6.620601701213669,0.3212542637776742,7.026066809321834,1.0807179806545784
752.6035491189427,0.000279340272029688,752.6035491189427,4.247944955739934e-05,752.6035491189427,0.052425673734473294,6.623538560886979,0.3275848266687659,7.029003668995143,1.0812486938117845
754.8105973568282,0.00027867090993399416,754.8105973568282,4.2316243110463604e-05,754.8105973568282,0.05234392393328564,6.626466820666067,0.3339309621624782,7.031931928774232,1.0817778529018833
757.0176455947137,0.0002780050991107714,757.0176455947137,4.215410526098778e-05,757.0176455947137,0.052262496756513906,6.629386530769402,0.34029310462398066,7.034851638877567,1.0823054669997405
759.2246938325992,0.0002773428104474933,759.2246938325992,4.199302603963981e-05,759.2246938325992,0.052181390062407816,6.632297740976861,0.3466716976235047,7.037762849085024,1.0828315451009622
761.4317420704847,0.00027668401515400546,761.4317420704847,4.183299559803522e-05,761.4317420704847,0.052100601729368916,6.635200500634822,0.3530671942730978,7.040665608742986,1.0833560961228195
763.6387903083701,0.00027602868475803456,763.6387903083701,4.167400420693058e-05,763.6387903083701,0.05202012965570481,6.638094858661186,0.3594800575778709,7.043559966769351,1.0838791289051535
765.8458385462555,0.00027537679110077205,765.8458385462555,4.151604225444889e-05,765.8458385462555,0.05193997175938688,6.640980863550321,0.3659107608025237,7.0464459716584855,1.0844006522112692
768.052886784141,0.00027472830633253217,768.052886784141,4.135910024433639e-05,768.052886784141,0.05186012597781176,6.643858563377936,0.37235978785397866,7.049323671486101,1.084920674728819
770.2599350220265,0.00027408320290848195,770.2599350220265,4.120316879425015e-05,770.2599350220265,0.05178059026756626,6.6467280058058895,0.37882763368100636,7.052193113914054,1.0854392050706656
772.4669832599119,0.0002734414535844428,772.4669832599119,4.104823863407565e-05,772.4669832599119,0.051701362604195784,6.6495892380869215,0.38531480469178675,7.055054346195086,1.0859562517757453
774.6740314977974,0.00027280303141276135,774.6740314977974,4.089430060427401e-05,774.6740314977974,0.051622440981976325,6.652442307069328,0.39182181919040826,7.0579074151774925,1.0864718233099044
776.8810797356829,0.00027216790973824835,776.8810797356829,4.074134565425809e-05,776.8810797356829,0.05154382341368973,6.655287259201559,0.39834920783337147,7.060752367309724,1.0869859280667362
779.0881279735684,0.0002715360621941851,779.0881279735684,4.058936484079683e-05,779.0881279735684,0.05146550793040219,6.658124140536759,0.404897514107245,7.063589248644924,1.0874985743683978
781.2951762114538,0.0002709074626983951,781.2951762114538,4.0438349326447456e-05,781.2951762114538,0.051387492581246176,6.660952996737237,0.41146729482867994,7.066418104845401,1.0880097704664202
783.5022244493392,0.0002702820854493805,783.5022244493392,4.0288290378014736e-05,783.5022244493392,0.05130977543320544,6.663773873078878,0.41805912066809126,7.069238981187042,1.0885195245425052
785.7092726872247,0.00026965990492252103,785.7092726872247,4.0139179365037054e-05,785.7092726872247,0.05123235457090327,6.666586814455493,0.4246735766983887,7.072051922563657,1.0890278447093096
787.9163209251102,0.000269040895866336,787.9163209251102,3.999100775829843e-05,787.9163209251102,0.05115522809639359,6.669391865383101,0.43131126297024464,7.074856973491266,1.0895347390112207
790.1233691629957,0.0002684250332988058,790.1233691629957,3.9843767128366226e-05,790.1233691629957,0.051078394128955505,6.672189070004163,0.43797279511548615,7.0776541781123266,1.090040215425121
792.3304174008811,0.0002678122925037542,792.3304174008811,3.969744914415393e-05,792.3304174008811,0.05100185080489044,6.674978472091741,0.44465880498031113,7.080443580199906,1.090544281861141
794.5374656387665,0.0002672026490272883,794.5374656387665,3.955204557150848e-05,794.5374656387665,0.05092559627732237,6.677760115053617,0.45136994129015134,7.083225223161782,1.0910469461633994
796.744513876652,0.00026659607867429643,796.744513876652,3.940754827182165e-05,796.744513876652,0.050849628716001044,6.680534041936343,0.45810687034813463,7.085999150044508,1.0915482161107406
798.9515621145375,0.0002659925575050019,798.9515621145375,3.926394920066525e-05,798.9515621145375,0.05077394630710779,6.683300295429233,0.46487027676924386,7.088765403537398,1.0920480994174528
801.158610352423,0.0002653920618315725,801.158610352423,3.9121240406449204e-05,801.158610352423,0.050698547253064316,6.686058917868313,0.4716608642524209,7.091524025976478,1.0925466037339806
803.3656585903084,0.0002647945682147839,803.3656585903084,3.8979414029102534e-05,803.3656585903084,0.050623429772344165,6.688809951240203,0.47847935639303546,7.094275059348367,1.0930437366476309
805.5727068281939,0.00026420005346073624,805.5727068281939,3.883846229877647e-05,805.5727068281939,0.05054859209928683,6.691553437185954,0.4853264975383195,7.097018545294118,1.0935395056832609
807.7797550660794,0.00026360849461762304,807.7797550660794,3.86983775345696e-05,807.7797550660794,0.0504740324839146,6.694289417004828,0.49220305368856465,7.099754525112993,1.094033918303967
809.9868033039648,0.00026301986897255144,809.9868033039648,3.855915214327403e-05,809.9868033039648,0.05039974919175196,6.697017931658032,0.49910981344709876,7.102483039766197,1.0945269819117531
812.1938515418503,0.00026243415404841256,812.1938515418503,3.8420778618142916e-05,812.1938515418503,0.0503257405036475,6.699739021772393,0.5060475890222916,7.1052041298805575,1.0950187038482002
814.4008997797357,0.0002618513276008015,814.4008997797357,3.8283249537678436e-05,814.4008997797357,0.05025200471559837,6.70245272764399,0.5130172172850952,7.107917835752154,1.0955090913951202
816.6079480176212,0.00026127136761498515,816.6079480176212,3.814655756443971e-05,816.6079480176212,0.05017854013857729,6.705159089241732,0.5200195608859062,7.110624197349897,1.0959981517752029
818.8149962555067,0.00026069425230291864,818.8149962555067,3.801069544387098e-05,818.8149962555067,0.05010534509836189,6.7078581462108975,0.5270555094348419,7.113323254319062,1.0964858921526548
821.0220444933922,0.0002601199601003073,821.0220444933922,3.78756560031487e-05,821.0220444933922,0.050032417935366454,6.710549937876609,0.5341259807498583,7.116015045984773,1.0969723196338281
823.2290927312775,0.00025954846966371543,823.2290927312775,3.7741432150047995e-05,823.2290927312775,0.049959757004476,6.7132345032472776,0.541231922177502,7.118699611355442,1.0974574412678446
825.436140969163,0.0002589797598677193,825.436140969163,3.7608016871827696e-05,825.436140969163,0.04988736067488275,6.715911881017994,0.5483743119914934,7.1213769891261585,1.097941264047204
827.6431892070485,0.00025841380980210513,827.6431892070485,3.747540323413365e-05,827.6431892070485,0.049815227329924834,6.718582109573873,0.555554160874775,7.124047217682038,1.0984237949083921
829.850237444934,0.00025785059876910955,829.850237444934,3.734358437992002e-05,829.850237444934,0.049743355366927144,6.721245226993357,0.5627725134911471,7.126710335101521,1.0989050407324772
832.0572856828195,0.00025729010628070356,832.0572856828195,3.7212553528388275e-05,832.0572856828195,0.04967174319704453,6.723901271051473,0.5700304501531439,7.129366379159637,1.099385008345697
834.2643339207049,0.00025673231205591775,834.2643339207049,3.708230397394332e-05,834.2643339207049,0.04960038924510702,6.72655027922305,0.5773290885933873,7.132015387331214,1.0998637045200417
836.4713821585904,0.0002561771960182085,836.4713821585904,3.6952829085166834e-05,836.4713821585904,0.049529291949467376,6.729192288685888,0.5846695858473091,7.1346573967940525,1.100341135973826
838.6784303964758,0.0002556247382928651,838.6784303964758,3.682412230380696e-05,838.6784303964758,0.04945844976185038,6.731827336323893,0.5920531402558368,7.137292444432058,1.1008173093722564
840.8854786343613,0.000255074919204456,840.8854786343613,3.669617714378462e-05,840.8854786343613,0.04938786114720457,6.734455458730163,0.5994809935974358,7.139920566838327,1.101292231327987
843.0925268722467,0.00025452771927431415,843.0925268722467,3.656898719021567e-05,843.0925268722467,0.04931752458355586,6.737076692210038,0.6069544333597683,7.1425418003182015,1.101765908401672
845.2995751101322,0.00025398311921806044,845.2995751101322,3.6442546098448784e-05,845.2995751101322,0.049247438561862915,6.739691072784108,0.6144747951621994,7.145156180892273,1.1022383471025106
847.5066233480177,0.0002534410999431648,847.5066233480177,3.6316847593118944e-05,847.5066233480177,0.04917760158587493,6.7422986361911885,0.6220434653414534,7.147763744299353,1.1027095538887801
849.7136715859032,0.0002529016425465443,849.7136715859032,3.6191885467215914e-05,849.7136715859032,0.04910801217199094,6.744899417891246,0.6296618837139177,7.150364525999411,1.1031795351683709
851.9207198237887,0.00025236472831219716,851.9207198237887,3.6067653581167654e-05,851.9207198237887,0.0490386688491213,6.747493453068293,0.6373315465294185,7.152958561176457,1.1036482972993036
854.127768061674,0.00025183033870887234,854.127768061674,3.594414586193826e-05,854.127768061674,0.048969570158550815,6.750080776633244,0.6450540096327708,7.155545884741408,1.1041158465902507
856.3348162995595,0.0002512984553877746,856.3348162995595,3.582135630214037e-05,856.3348162995595,0.04890071465380393,6.752661423226735,0.6528308918510642,7.1581265313349,1.1045821893010417
858.541864537445,0.0002507690601803032,858.541864537445,3.569927895916149e-05,858.541864537445,0.04883210090051153,6.755235427221908,0.6606638786264817,7.160700535330073,1.1050473316431682
860.7489127753305,0.000250242135095825,860.7489127753305,3.557790795430424e-05,860.7489127753305,0.0487637274762796,6.757802822727155,0.6685547259165264,7.163267930835318,1.1055112797802777
862.9559610132159,0.0002497176623194801,862.9559610132159,3.545723747194006e-05,862.9559610132159,0.0486955929705597,6.7603636435888275,0.6765052643858481,7.165828751696992,1.105974039828668
865.1630092511014,0.0002491956242100205,865.1630092511014,3.5337261758676255e-05,865.1630092511014,0.04862769598452105,6.762917923393925,0.6845174039164652,7.168383031502089,1.1064356178577675
867.3700574889868,0.00024867600329768084,867.3700574889868,3.5217975122536095e-05,867.3700574889868,0.04856003513092439,6.765465695472724,0.6925931384661143,7.170930803580887,1.106896019890615
869.5771057268723,0.00024815878228208,869.5771057268723,3.509937193215181e-05,869.5771057268723,0.04849260903399747,6.768006992901396,0.7007345513077695,7.17347210100956,1.1073552519043295
871.7841539647578,0.00024764394403015426,871.7841539647578,3.498144661597011e-05,871.7841539647578,0.04842541632931217,6.7705418485045845,0.7089438206871077,7.176006956612748,1.107813319830575
873.9912022026432,0.0002471314715741206,873.9912022026432,3.486419366146999e-05,873.9912022026432,0.04835845566366332,6.773070294857942,0.7172232259389295,7.178535402966107,1.1082702295560245
876.1982504405287,0.0002466213481094697,876.1982504405287,3.4747607614392914e-05,876.1982504405287,0.04829172569494898,6.775592364290652,0.7255751541083441,7.181057472398817,1.1087259869228099
878.4052986784142,0.00024611355699298874,878.4052986784142,3.4631683077984686e-05,878.4052986784142,0.04822522509205251,6.7781080888879,0.7340021071279825,7.183573196996064,1.1091805977289708
880.6123469162997,0.0002456080817408123,880.6123469162997,3.451641471224916e-05,880.6123469162997,0.0481589525347258,6.780617500493325,0.742506709608714,7.18608260860149,1.1096340677288987
882.819395154185,0.0002451049060265024,882.819395154185,3.4401797233213444e-05,882.819395154185,0.04809290671347447,6.783120630711444,0.7510917173084332,7.188585738819609,1.110086402633773
885.0264433920705,0.0002446040136791562,885.0264433920705,3.428782541220431e-05,885.0264433920705,0.04802708632944428,6.785617510910031,0.7597600263516064,7.191082619018196,1.110537608111991
887.233491629956,0.0002441053886815405,887.233491629956,3.417449407513584e-05,887.233491629956,0.04796149009430906,6.788108172222484,0.7685146832815629,7.193573280330647,1.1109876897895985
889.4405398678415,0.0002436090151682542,889.4405398678415,3.4061798101807886e-05,889.4405398678415,0.04789611673016007,6.790592645550145,0.7773588960382266,7.19605775365831,1.1114366532507065
891.647588105727,0.00024311487742391624,891.647588105727,3.394973242521521e-05,891.647588105727,0.04783096496939697,6.793070961564612,0.7862960459663103,7.198536069672777,1.1118845040379073
893.8546363436124,0.0002426229598813804,893.8546363436124,3.383829203086722e-05,893.8546363436124,0.047766033554619954,6.795543150710001,0.7953297009732546,7.201008258818166,1.1123312476526883
896.0616845814978,0.00024213324711997504,896.0616845814978,3.372747195611797e-05,896.0616845814978,0.0477013212385234,6.798009243205194,0.8044636299727057,7.203474351313359,1.1127768895558336
898.2687328193833,0.00024164572386376856,898.2687328193833,3.361726728950636e-05,898.2687328193833,0.04763682678379082,6.800469269046057,0.8137018187685274,7.205934377154222,1.113221435167828
900.4757810572688,0.0002411603749798592,900.4757810572688,3.350767317010629e-05,900.4757810572688,0.04757254896299125,6.802923258007624,0.823048487556714,7.208388366115789,1.113664889869248
902.6828292951543,0.00024067718547668939,902.6828292951543,3.339868478688658e-05,902.6828292951543,0.047508486558476885,6.805371239646264,0.8325081102487334,7.210836347754428,1.1141072590011585
904.8898775330397,0.0002401961405023839,904.8898775330397,3.329029737808055e-05,904.8898775330397,0.047444638362281966,6.8078132433018155,0.8420854358505153,7.21327835140998,1.1145485478654928
907.0969257709252,0.00023971722534311165,907.0969257709252,3.3182506230565044e-05,907.0969257709252,0.04738100317602314,6.810249298099697,0.8517855121674058,7.215714406207861,1.1149887617254397
909.3039740088107,0.00023924042542147064,909.3039740088107,3.307530667924882e-05,909.3039740088107,0.04731757981080079,6.812679432952988,0.861613712148058,7.218144541061153,1.1154279058058147
911.5110222466961,0.00023876572629489559,911.5110222466961,3.296869410646992e-05,911.5110222466961,0.047254367087101956,6.815103676564495,0.871575763230775,7.220568784672659,1.1158659852934354
913.7180704845815,0.00023829311365408795,913.7180704845815,3.286266394140216e-05,913.7180704845815,0.04719136383470418,6.817522057428777,0.8816777801159499,7.222987165536941,1.1163030053374892
915.925118722467,0.00023782257332146794,915.925118722467,3.275721165947036e-05,915.925118722467,0.04712856889258072,6.81993460383416,0.8919263014600846,7.225399711942325,1.116738971049893
918.1321669603525,0.0002373540912496484,918.1321669603525,3.2652332781774303e-05,918.1321669603525,0.04706598110880692,6.822341343864726,0.902328331073021,7.2278064519728895,1.1171738875056583
920.339215198238,0.0002368876535199298,920.339215198238,3.2548022874521146e-05,920.339215198238,0.04700359934046778,6.824742305402264,0.9128913843038093,7.230207413510428,1.1176077597432372
922.5462634361235,0.00023642324634081603,922.5462634361235,3.2444277548466275e-05,922.5462634361235,0.046941422453566514,6.827137516128219,0.9236235404262406,7.232602624236383,1.1180405927648822
924.7533116740088,0.0002359608560465513,924.7533116740088,3.2341092458362304e-05,924.7533116740088,0.04687944932293459,6.8295270035256,0.9345335019878067,7.2349921116337645,1.1184723915369823
926.9603599118943,0.00023550046909567683,926.9603599118943,3.2238463302416294e-05,926.9603599118943,0.046817678832142495,6.831910794880876,0.9456306622725105,7.23737590298904,1.1189031609904145
929.1674081497798,0.00023504207206960766,929.1674081497798,3.213638582175477e-05,929.1674081497798,0.04675610987341184,6.834288917285844,0.9569251822572962,7.239754025394008,1.119332906020874
931.3744563876653,0.0002345856516712292,931.3744563876653,3.2034855799896706e-05,931.3744563876653,0.04669474134752855,6.836661397639475,0.9684280787252275,7.242126505747638,1.119761631489212
933.5815046255507,0.00023413119472351314,933.5815046255507,3.1933869062234104e-05,933.5815046255507,0.04663357216375704,6.83902826264974,0.9801513255507257,7.244493370757905,1.1201893422217655
935.7885528634362,0.00023367868816815185,935.7885528634362,3.183342147552008e-05,935.7885528634362,0.04657260123975545,6.84138953883542,0.9921079706126484,7.246854646943584,1.1206160430106813
937.9956011013217,0.00023322811906421225,937.9956011013217,3.1733508947364615e-05,937.9956011013217,0.04651182750149204,6.843745252527879,1.0043122713455168,7.249210360636043,1.1210417386142402
940.2026493392071,0.00023277947458680745,940.2026493392071,3.163412742573727e-05,940.2026493392071,0.0464512498831624,6.8460954298728325,1.0167798526422809,7.251560537980997,1.1214664337571745
942.4096975770926,0.0002323327420257868,942.4096975770926,3.1535272898477384e-05,942.4096975770926,0.04639086732710791,6.848440096832086,1.0295278917200978,7.253905204940251,1.1218901331309816
944.616745814978,0.00023188790878444376,944.616745814978,3.143694139281118e-05,944.616745814978,0.04633067878373502,6.850779279185259,1.0425753357169731,7.256244387293424,1.1223128413942383
946.8237940528635,0.00023144496237824098,946.8237940528635,3.1339128974875795e-05,946.8237940528635,0.0462706832114356,6.8531130025314795,1.0559431592887574,7.258578110639643,1.1227345631729029
949.030842290749,0.0002310038904335532,949.030842290749,3.124183174925028e-05,949.030842290749,0.04621087957650814,6.85544129229107,1.0696546714438269,7.260906400399235,1.123155303060624
951.2378905286345,0.00023056468068642655,951.2378905286345,3.114504585849311e-05,951.2378905286345,0.04615126685308016,6.85776417370721,1.083735883456811,7.2632292818153745,1.123575065619039
953.44493876652,0.00023012732098135505,953.44493876652,3.1048767482686593e-05,953.44493876652,0.04609184402303124,6.860081671847572,1.098215953185005,7.265546779955737,1.1239938553780688
955.6519870044053,0.0002296917992700731,955.6519870044053,3.0952992838987366e-05,955.6519870044053,0.04603261007591721,6.862393811605952,1.113127725820809,7.267858919714116,1.124411676836214
957.8590352422908,0.00022925810361036452,957.8590352422908,3.0857718181183685e-05,957.8590352422908,0.045973564008895094,6.864700617703867,1.1285083975617494,7.270165725812031,1.1248285344608435
960.0660834801763,0.00022882622216488743,960.0660834801763,3.0762939799258754e-05,960.0660834801763,0.04591470482664915,6.867002114692147,1.1444003376261933,7.27246722280031,1.1252444326884805
962.2731317180618,0.00022839614320001477,962.2731317180618,3.0668654018960284e-05,962.2731317180618,0.04585603154131755,6.869298326952497,1.1608521166365975,7.2747634350606605,1.1256593759250877
964.4801799559472,0.0002279678550846902,964.4801799559472,3.0574857201376174e-05,964.4801799559472,0.04579754317242015,6.8715892786990524,1.1779198074025843,7.277054386807217,1.126073368546346
966.6872281938327,0.0002275413462892994,966.6872281938327,3.048154574251612e-05,966.6872281938327,0.045739238746787,6.873874993979908,1.19566865034452,7.279340102088073,1.1264864148979306
968.8942764317181,0.00022711660538455607,968.8942764317181,3.038871607289915e-05,968.8942764317181,0.04568111729848774,6.876155496678633,1.2141752146743126,7.281620604786798,1.1268985192957859
971.1013246696036,0.00022669362104040308,971.1013246696036,3.02963646571469e-05,971.1013246696036,0.04562317786876183,6.878430810515769,1.233530245356345,7.283895918623934,1.1273096860263978
973.3083729074891,0.00022627238202492758,973.3083729074891,3.020448799358262e-05,973.3083729074891,0.0455654195059496,6.880700959050308,1.253842477271921,7.286166067158472,1.1277199193470566
975.5154211453745,0.00022585287720329085,975.5154211453745,3.011308261383573e-05,975.5154211453745,0.04550784126542418,6.88296596568116,1.275243843662981,7.288431073789325,1.1281292234861258
977.72246938326,0.00022543509553667187,977.72246938326,3.0022145082451954e-05,977.72246938326,0.045450442209524086,6.885225853648597,1.2978967451519061,7.290690961756762,1.1285376026433014
979.9295176211455,0.00022501902608122517,979.9295176211455,2.9931671996508822e-05,979.9295176211455,0.04539322140748676,6.887480646035687,1.3220044523188528,7.292945754143851,1.1289450609898715
982.136565859031,0.0002246046579870518,982.136565859031,2.9841659985236534e-05,982.136565859031,0.04533617793538277,6.889730365769703,1.3478264342631718,7.295195473877866,1.129351602668971
984.3436140969163,0.0002241919804971842,984.3436140969163,2.975210570964402e-05,984.3436140969163,0.045279310876050846,6.891975035623526,1.375701738853946,7.2974401437316905,1.1297572317958353
986.5506623348018,0.00022378098294658367,986.5506623348018,2.966300586215022e-05,986.5506623348018,0.045222619319033736,6.894214678217031,1.4060861610952011,7.299679786325195,1.1301619524580493
988.7577105726873,0.00022337165476115186,988.7577105726873,2.9574357166220446e-05,988.7577105726873,0.04516610236051453,6.8964493160184475,1.4396143992418873,7.301914424126612,1.130565768715795
990.9647588105728,0.00022296398545675384,990.9647588105728,2.94861563760077e-05,990.9647588105728,0.04510975910325419,6.898678971345716,1.4772108068662386,7.304144079453881,1.1309686846020965
993.1718070484583,0.000222557964638255,993.1718070484583,2.9398400275998936e-05,993.1718070484583,0.04505358865652929,6.900903666367827,1.520303624370912,7.306368774475992,1.1313707041230612
995.3788552863437,0.00022215358199856937,995.3788552863437,2.9311085680666176e-05,995.3788552863437,0.044997590136070915,6.90312342310614,1.5712880391947772,7.308588531214305,1.131771831258118
997.5859035242291,0.00022175082731772097,997.5859035242291,2.922420943412235e-05,997.5859035242291,0.044941762664004,6.905338263435693,1.634700973140561,7.310803371543858,1.132172069960255
999.7929517621146,0.00022134969046191667,999.7929517621146,2.9137768409781868e-05,999.7929517621146,0.044886105368787434,6.907548209086496,1.7210772971344424,7.3130133171946605,1.1325714241562517
1002.0,0.00022095016138263127,1002.0,2.9051759510025812e-05,1002.0,0.04483061738515493,6.90975328164481,1.8683888346202462,7.315218389752975,1.1329698977469125
