Distribution x Values,Distribution y Values,Histo Bins,Amt Per Bin,__,763.9841440157962,655.158811905382
60.06472222,0.001223340631079758,60.06472222,2077.0,0
72.40180432111534,0.001221205043337228,546.762611109,850.0,0
84.73888642223066,0.0012159975292748606,1033.460499998,320.0,0
97.075968523346,0.0012085537945308459,1520.158388887,150.0,0
109.41305062446133,0.0011994246718103274,2006.8562777759998,48.0,0
121.75013272557666,0.0011889944379646672,2493.5541666649997,23.0,0
134.087214826692,0.0011775429559430404,2980.252055554,21.0,0
146.42429692780735,0.0011652810119555986,3466.949944443,13.0,0
158.76137902892268,0.0011523716917331802,3953.6478333319997,7.0,0
171.098461130038,0.0011389439691745617,4440.345722220999,7.0,0
183.43554323115333,0.0011251017037828253,4927.043611109999,2.0,0
195.77262533226866,0.0011109298048577918,5413.741499998999,4.0,0
208.109707433384,0.0010964985788766005,5900.4393888879995,7.0,0
220.44678953449932,0.001081866873070049,6387.137277776999,1.0,0
232.78387163561467,0.001067084398487904,6873.835166665999,1.0,0
245.12095373673,0.0010521934798257547,7360.533055554999,2.0,0
257.45803583784533,0.0010372303959606934,7847.230944443999,0.0,0
269.7951179389607,0.001022226422554485,8333.928833333,2.0,0
282.132200040076,0.0010072086540062054,8820.626722222,0.0,0
294.46928214119134,0.0009922006594299774,9307.324611111,1.0,0
306.8063642423067,0.0009772230120168731,,
319.143446343422,0.0009622937205631013,,
331.48052844453736,0.0009474285845154451,,
343.8176105456527,0.0009326414885810522,,
356.154692646768,0.0009179446491081926,,
368.49177474788337,0.0009033488216266509,,
380.82885684899867,0.0008888634768433529,,
393.165938950114,0.0008744969508164623,,
405.5030210512294,0.0008602565738375697,,
417.8401031523447,0.000846148781636564,,
430.17718525346004,0.0008321792118159165,,
442.51426735457534,0.0008183527878688006,,
454.8513494556907,0.0008046737927010917,,
467.18843155680605,0.0007911459332330757,,
479.52551365792135,0.0007777723973819988,,
491.8625957590367,0.0007645559045058951,,
504.199677860152,0.0007514987502107196,,
516.5367599612673,0.0007386028462776979,,
528.8738420623827,0.0007258697563491235,,
541.210924163498,0.0007133007279132373,,
553.5480062646134,0.0007008967210481609,,
565.8850883657286,0.0006886584343178591,,
578.222170466844,0.0006765863281572144,,
590.5592525679593,0.0006646806460364419,,
602.8963346690747,0.0006529414336556498,,
615.23341677019,0.0006413685563870342,,
627.5704988713054,0.0006299617151539306,,
639.9075809724206,0.0006187204609118845,,
652.244663073536,0.0006076442078763433,,
664.5817451746514,0.0005967322456239335,,
676.9188272757667,0.000585983750179138,,
689.2559093768821,0.0005753977941850862,,
701.5929914779973,0.0005649733562458574,,
713.9300735791127,0.0005547093295178545,,
726.267155680228,0.0005446045296192627,,
738.6042377813434,0.0005346577019191133,,
750.9413198824587,0.000524867528260961,,
763.278401983574,0.0005152326331704256,,
775.6154840846893,0.000505751589590817,,
787.9525661858047,0.0004964229241866046,,
800.28964828692,0.00048724512225057135,,
812.6267303880354,0.00047821663224699933,,
824.9638124891507,0.0004693358700201559,,
837.300894590266,0.0004606012226945958,,
849.6379766913814,0.00045201105229134264,,
861.9750587924967,0.00044356369908183453,,
874.3121408936121,0.00043525748469955744,,
886.6492229947273,0.00042709071502753347,,
898.9863050958427,0.00041906168287826623,,
911.323387196958,0.0004111686704813197,,
923.6604692980734,0.0004034099517924377,,
935.9975513991888,0.0003957837946369554,,
948.334633500304,0.0003882884626992176,,
960.6717156014194,0.0003809222173687718,,
973.0087977025347,0.0003736833194532556,,
985.3458798036501,0.00036657003076711415,,
997.6829619047654,0.0003595806156045866,,
1010.0200440058807,0.00035271334210475175,,
1022.357126106996,0.00034596648351584066,,
1034.6942082081114,0.0003393383193654885,,
1047.0312903092267,0.00033282713654310707,,
1059.368372410342,0.0003264312303001159,,
1071.7054545114572,0.00032014890517335416,,
1084.0425366125726,0.00031397847583662555,,
1096.379618713688,0.000307918267884977,,
1108.7167008148033,0.00030196661855599617,,
1121.0537829159186,0.0002961218773921212,,
1133.390865017034,0.00029038240684768445,,
1145.7279471181494,0.00028474658284416215,,
1158.0650292192647,0.0002792127952768765,,
1170.40211132038,0.0002737794484761769,,
1182.7391934214954,0.00026844496162593687,,
1195.0762755226108,0.0002632077691420169,,
1207.4133576237261,0.0002580663210131765,,
1219.7504397248413,0.0002530190831067599,,
1232.0875218259566,0.00024806453744133735,,
1244.424603927072,0.0002432011824283436,,
1256.7616860281873,0.00023842753308463545,,
1269.0987681293027,0.00023374212121776683,,
1281.435850230418,0.00022914349558567448,,
1293.7729323315334,0.00022463022203236534,,
1306.1100144326488,0.0002202008836010969,,
1318.4470965337641,0.00021585408062646167,,
1330.7841786348795,0.00021158843080669316,,
1343.1212607359946,0.00020740256925744308,,
1355.45834283711,0.0002032951485481996,,
1367.7954249382253,0.00019926483872245303,,
1380.1325070393407,0.0001953103273026476,,
1392.469589140456,0.00019143031928090288,,
1404.8066712415714,0.00018762353709642678,,
1417.1437533426868,0.00018388872060049545,,
1429.480835443802,0.0001802246270098204,,
1441.8179175449175,0.00017663003084907974,,
1454.1549996460328,0.00017310372388334742,,
1466.492081747148,0.0001696445150411097,,
1478.8291638482633,0.00016625123032852358,,
1491.1662459493787,0.0001629227127355334,,
1503.503328050494,0.00015965782213442516,,
1515.8404101516094,0.0001564554351713727,,
1528.1774922527247,0.0001533144451514906,,
1540.51457435384,0.000150233761917887,,
1552.8516564549554,0.00014721231172517857,,
1565.1887385560708,0.00014424903710790558,,
1577.5258206571862,0.0001413428967442605,,
1589.8629027583013,0.00013849286531552089,,
1602.1999848594166,0.00013569793336155522,,
1614.537066960532,0.00013295710713275103,,
1626.8741490616474,0.0001302694084386937,,
1639.2112311627627,0.00012763387449390762,,
1651.548313263878,0.00012504955776095322,,
1663.8853953649934,0.0001225155257911574,,
1676.2224774661088,0.00012003086106323853,,
1688.5595595672241,0.00011759466082007496,,
1700.8966416683393,0.00011520603690384816,,
1713.2337237694546,0.0001128641155897821,,
1725.57080587057,0.00011056803741868652,,
1737.9078879716853,0.00010831695702849927,,
1750.2449700728007,0.00010611004298501279,,
1762.582052173916,0.00010394647761195873,,
1774.9191342750314,0.00010182545682061456,,
1787.2562163761468,9.974618993908705e-05,,
1799.5932984772621,9.770789954141681e-05,,
1811.9303805783775,9.570982127664188e-05,,
1824.2674626794926,9.375120369794819e-05,,
1836.604544780608,9.18313080920274e-05,,
1848.9416268817233,8.994940830875692e-05,,
1861.2787089828387,8.810479059130679e-05,,
1873.615791083954,8.629675340677436e-05,,
1885.9528731850694,8.452460727744038e-05,,
1898.2899552861847,8.278767461273342e-05,,
1910.6270373873,8.108528954198505e-05,,
1922.9641194884155,7.941679774805181e-05,,
1935.3012015895308,7.778155630187626e-05,,
1947.638283690646,7.617893349805239e-05,,
1959.9753657917613,7.460830869145871e-05,,
1972.3124478928767,7.306907213501533e-05,,
1984.649529993992,7.15606248186196e-05,,
1996.9866120951074,7.008237830930895e-05,,
2009.3236941962227,6.863375459269698e-05,,
2021.660776297338,6.721418591572496e-05,,
2033.9978583984534,6.582311463076797e-05,,
2046.3349404995688,6.44599930411302e-05,,
2058.672022600684,6.312428324796367e-05,,
2071.009104701799,6.181545699863834e-05,,
2083.3461868029144,6.053299553659179e-05,,
2095.68326890403,5.927638945268231e-05,,
2108.020351005145,5.804513853806783e-05,,
2120.357433106261,5.683875163862954e-05,,
2132.694515207376,5.5656746510958305e-05,,
2145.031597308491,5.449864967991878e-05,,
2157.3686794096066,5.336399629780511e-05,,
2169.705761510722,5.2252330005098525e-05,,
2182.0428436118373,5.116320279283818e-05,,
2194.3799257129526,5.00961748666117e-05,,
2206.717007814068,4.905081451217275e-05,,
2219.0540899151833,4.802669796269029e-05,,
2231.3911720162987,4.702340926763313e-05,,
2243.728254117414,4.604054016329163e-05,,
2256.0653362185294,4.507768994493793e-05,,
2268.4024183196448,4.4134465340624034e-05,,
2280.73950042076,4.32104803866165e-05,,
2293.0765825218755,4.2305356304465006e-05,,
2305.413664622991,4.141872137970196e-05,,
2317.750746724106,4.055021084216775e-05,,
2330.0878288252215,3.969946674795726e-05,,
2342.424910926337,3.8866137862980936e-05,,
2354.7619930274523,3.804987954813366e-05,,
2367.0990751285676,3.7250353646063826e-05,,
2379.4361572296825,3.646722836953427e-05,,
2391.773239330798,3.5700178191365824e-05,,
2404.1103214319132,3.494888373595454e-05,,
2416.4474035330286,3.421303167235158e-05,,
2428.784485634144,3.349231460889601e-05,,
2441.1215677352593,3.278643098938842e-05,,
2453.4586498363747,3.209508499079477e-05,,
2465.79573193749,3.1417986422467696e-05,,
2478.1328140386054,3.075485062687306e-05,,
2490.4698961397207,3.0105398381809177e-05,,
2502.806978240836,2.9469355804105534e-05,,
2515.1440603419514,2.8846454254787493e-05,,
2527.481142443067,2.8236430245693404e-05,,
2539.818224544182,2.7639025347530323e-05,,
2552.1553066452975,2.7053986099353994e-05,,
2564.492388746413,2.648106391945882e-05,,
2576.8294708475282,2.5920015017663392e-05,,
2589.1665529486436,2.5370600308976773e-05,,
2601.503635049759,2.4832585328630443e-05,,
2613.840717150874,2.4305740148461714e-05,,
2626.177799251989,2.378983929463236e-05,,
2638.5148813531046,2.3284661666668537e-05,,
2650.85196345422,2.2789990457805597e-05,,
2663.1890455553353,2.230561307662331e-05,,
2675.5261276564506,2.1831321069955695e-05,,
2687.863209757566,2.1366910047060013e-05,,
2700.2002918586813,2.091217960502986e-05,,
2712.5373739597967,2.046693325543633e-05,,
2724.874456060912,2.003097835218239e-05,,
2737.2115381620274,1.960412602055452e-05,,
2749.5486202631428,1.9186191087456526e-05,,
2761.885702364258,1.8776992012809843e-05,,
2774.2227844653735,1.8376350822105224e-05,,
2786.559866566489,1.7984093040090283e-05,,
2798.896948667604,1.760004762557762e-05,,
2811.2340307687195,1.7224046907358555e-05,,
2823.571112869835,1.685592652120698e-05,,
2835.9081949709503,1.6495525347958394e-05,,
2848.2452770720656,1.6142685452649294e-05,,
2860.5823591731805,1.5797252024701745e-05,,
2872.919441274296,1.5459073319138303e-05,,
2885.2565233754112,1.5128000598812901e-05,,
2897.5936054765266,1.48038880776426e-05,,
2909.930687577642,1.4486592864826114e-05,,
2922.2677696787573,1.4175974910034272e-05,,
2934.6048517798727,1.3871896949558504e-05,,
2946.941933880988,1.3574224453402896e-05,,
2959.2790159821034,1.3282825573305837e-05,,
2971.6160980832187,1.2997571091677316e-05,,
2983.953180184334,1.2718334371438016e-05,,
2996.2902622854494,1.2444991306746506e-05,,
3008.627344386565,1.2177420274601025e-05,,
3020.96442648768,1.191550208730231e-05,,
3033.3015085887955,1.1659119945764273e-05,,
3045.638590689911,1.1408159393659267e-05,,
3057.975672791026,1.116250827238503e-05,,
3070.3127548921416,1.0922056676840267e-05,,
3082.649836993257,1.0686696911996206e-05,,
3094.9869190943723,1.0456323450251525e-05,,
3107.324001195487,1.023083288955814e-05,,
3119.6610832966026,1.0010123912305498e-05,,
3131.998165397718,9.794097244951295e-06,,
3144.3352474988333,9.58265561838644e-06,,
3156.6723295999486,9.375703729022473e-06,,
3169.009411701064,9.173148200589597e-06,,
3181.3464938021793,8.974897546633817e-06,,
3193.6835759032947,8.780862133701554e-06,,
3206.02065800441,8.590954145200641e-06,,
3218.3577401055254,8.405087545926256e-06,,
3230.6948222066408,8.22317804724095e-06,,
3243.031904307756,8.045143072897845e-06,,
3255.3689864088715,7.870901725496214e-06,,
3267.706068509987,7.700374753558742e-06,,
3280.043150611102,7.533484519220275e-06,,
3292.3802327122175,7.370154966517413e-06,,
3304.717314813333,7.210311590269028e-06,,
3317.0543969144483,7.0538814055374955e-06,,
3329.3914790155636,6.9007929176607896e-06,,
3341.7285611166785,6.750976092845744e-06,,
3354.065643217794,6.604362329312673e-06,,
3366.4027253189092,6.460884428982165e-06,,
3378.7398074200246,6.320476569694313e-06,,
3391.07688952114,6.18307427795152e-06,,
3403.4139716222553,6.048614402175547e-06,,
3415.7510537233707,5.917035086470002e-06,,
3428.088135824486,5.788275744879326e-06,,
3440.4252179256014,5.662277036135755e-06,,
3452.7623000267167,5.538980838885501e-06,,
3465.099382127832,5.418330227385884e-06,,
3477.4364642289474,5.3002694476650315e-06,,
3489.773546330063,5.184743894135978e-06,,
3502.110628431178,5.071700086657141e-06,,
3514.4477105322935,4.961085648031204e-06,,
3526.784792633409,4.8528492819346525e-06,,
3539.121874734524,4.7469407512702225e-06,,
3551.4589568356396,4.6433108569347505e-06,,
3563.796038936755,4.541911416994932e-06,,
3576.1331210378703,4.442695246263705e-06,,
3588.470203138985,4.345616136269981e-06,,
3600.8072852401006,4.25062883561474e-06,,
3613.144367341216,4.157689030706379e-06,,
3625.4814494423313,4.066753326868486e-06,,
3637.8185315434466,3.977779229813352e-06,,
3650.155613644562,3.8907251274744495e-06,,
3662.4926957456773,3.8055502721914045e-06,,
3674.8297778467927,3.7222147632410368e-06,,
3687.166859947908,3.640679529708077e-06,,
3699.5039420490234,3.56090631368938e-06,,
3711.8410241501388,3.4828576538255117e-06,,
3724.178106251254,3.406496869153644e-06,,
3736.5151883523695,3.3317880432758964e-06,,
3748.852270453485,3.2586960088372274e-06,,
3761.1893525546,3.1871863323072186e-06,,
3773.5264346557155,3.1172252990600737e-06,,
3785.863516756831,3.048779898747319e-06,,
3798.2005988579463,2.9818178109577605e-06,,
3810.5376809590616,2.916307391159331e-06,,
3822.874763060177,2.8522176569175896e-06,,
3835.211845161292,2.7895182743857152e-06,,
3847.5489272624072,2.7281795450608447e-06,,
3859.8860093635226,2.6681723928018754e-06,,
3872.223091464638,2.6094683511037143e-06,,
3884.5601735657533,2.552039550623226e-06,,
3896.8972556668687,2.495858706952099e-06,,
3909.234337767984,2.4408991086319835e-06,,
3921.5714198690994,2.3871346054073564e-06,,
3933.9085019702147,2.334539596711549e-06,,
3946.24558407133,2.2830890203816046e-06,,
3958.5826661724454,2.2327583415975487e-06,,
3970.919748273561,2.183523542041867e-06,,
3983.256830374676,2.1353611092749517e-06,,
3995.5939124757915,2.088248026322464e-06,,
4007.930994576907,2.0421617614705063e-06,,
4020.268076678022,1.9970802582646877e-06,,
4032.6051587791376,1.9529819257091357e-06,,
4044.942240880253,1.909845628661679e-06,,
4057.2793229813683,1.8676506784213866e-06,,
4069.616405082483,1.8263768235048144e-06,,
4081.9534871835986,1.7860042406072888e-06,,
4094.290569284714,1.7465135257457273e-06,,
4106.627651385829,1.7078856855794197e-06,,
4118.964733486944,1.6701021289054013e-06,,
4131.30181558806,1.6331446583250094e-06,,
4143.638897689175,1.5969954620783414e-06,,
4155.975979790291,1.5616371060433087e-06,,
4168.313061891406,1.5270525258961878e-06,,
4180.650143992521,1.4932250194304172e-06,,
4192.987226093636,1.4601382390306765e-06,,
4205.324308194751,1.427776184299159e-06,,
4217.661390295867,1.3961231948310784e-06,,
4229.998472396982,1.3651639431365405e-06,,
4242.335554498098,1.3348834277058813e-06,,
4254.672636599213,1.3052669662156864e-06,,
4267.009718700328,1.276300188872736e-06,,
4279.346800801443,1.2479690318931862e-06,,
4291.683882902559,1.220259731114307e-06,,
4304.020965003674,1.1931588157362242e-06,,
4316.35804710479,1.1666531021910437e-06,,
4328.695129205905,1.1407296881369399e-06,,
4341.032211307021,1.115375946574649e-06,,
4353.3692934081355,1.0905795200840617e-06,,
4365.706375509251,1.0663283151784423e-06,,
4378.043457610366,1.0426104967740466e-06,,
4390.380539711482,1.0194144827727822e-06,,
4402.717621812597,9.967289387557318e-07,,
4415.054703913713,9.745427727852996e-07,,
4427.391786014828,9.528451303138755e-07,,
4439.7288681159425,9.316253891968448e-07,,
4452.065950217058,9.108731548079405e-07,,
4464.403032318173,8.905782552548465e-07,,
4476.740114419289,8.707307366930844e-07,,
4489.077196520404,8.513208587362379e-07,,
4501.41427862152,8.323390899605526e-07,,
4513.751360722635,8.137761035020925e-07,,
4526.0884428237505,7.956227727445371e-07,,
4538.425524924865,7.778701670958729e-07,,
4550.762607025981,7.605095478521386e-07,,
4563.099689127096,7.435323641465467e-07,,
4575.436771228212,7.269302489822091e-07,,
4587.773853329327,7.106950153468432e-07,,
4600.110935430443,6.94818652407777e-07,,
4612.4480175315575,6.792933217856627e-07,,
4624.785099632673,6.64111353905301e-07,,
4637.122181733788,6.492652444220445e-07,,
4649.459263834904,6.347476507222334e-07,,
4661.796345936019,6.205513884962046e-07,,
4674.133428037135,6.0666942838237e-07,,
4686.47051013825,5.930948926809777e-07,,
4698.807592239365,5.798210521361053e-07,,
4711.14467434048,5.668413227845309e-07,,
4723.481756441595,5.541492628701328e-07,,
4735.818838542711,5.41738569822466e-07,,
4748.155920643826,5.296030772982504e-07,,
4760.493002744942,5.1773675228446e-07,,
4772.830084846057,5.061336922617973e-07,,
4785.1671669471725,4.947881224272976e-07,,
4797.504249048287,4.836943929748826e-07,,
4809.841331149403,4.728469764326759e-07,,
4822.178413250518,4.6224046505593026e-07,,
4834.515495351634,4.518695682744236e-07,,
4846.852577452749,4.417291101932329e-07,,
4859.189659553865,4.3181402714578067e-07,,
4871.52674165498,4.2211936529809413e-07,,
4883.863823756095,4.1264027830323443e-07,,
4896.20090585721,4.0337202500486735e-07,,
4908.537987958326,3.943099671889654e-07,,
4920.875070059441,3.8544956738267447e-07,,
4933.212152160556,3.767863866993564e-07,,
4945.549234261672,3.6831608272887813e-07,,
4957.886316362787,3.600344074722171e-07,,
4970.223398463902,3.519372053194633e-07,,
4982.560480565017,3.4402041107034576e-07,,
4994.897562666133,3.362800479963925e-07,,
5007.234644767248,3.2871222594387704e-07,,
5019.571726868364,3.2131313947670963e-07,,
5031.908808969479,3.140790660584621e-07,,
5044.245891070595,3.070063642726925e-07,,
5056.582973171709,3.000914720808222e-07,,
5068.920055272825,2.9333090511674607e-07,,
5081.25713737394,2.867212550174557e-07,,
5093.594219475056,2.80259187788907e-07,,
5105.931301576171,2.7394144220642057e-07,,
5118.268383677287,2.677648282488864e-07,,
5130.605465778402,2.6172622556608945e-07,,
5142.942547879517,2.5582258197845627e-07,,
5155.279629980632,2.500509120085638e-07,,
5167.616712081747,2.4440829544373993e-07,,
5179.953794182863,2.388918759291248e-07,,
5192.290876283978,2.3349885959054884e-07,,
5204.627958385094,2.2822651368661507e-07,,
5216.965040486209,2.2307216528938234e-07,,
5229.302122587324,2.1803319999304283e-07,,
5241.639204688439,2.131070606500295e-07,,
5253.976286789555,2.08291246133964e-07,,
5266.31336889067,2.0358331012890565e-07,,
5278.650450991786,1.9898085994433373e-07,,
5290.987533092901,1.9448155535534798e-07,,
5303.324615194017,1.9008310746753983e-07,,
5315.6616972951315,1.8578327760604057e-07,,
5327.998779396247,1.8157987622822444e-07,,
5340.335861497362,1.774707618595855e-07,,
5352.672943598478,1.7345384005229527e-07,,
5365.010025699593,1.6952706236597368e-07,,
5377.347107800709,1.656884253702017e-07,,
5389.684189901824,1.6193596966833168e-07,,
5402.021272002939,1.5826777894213231e-07,,
5414.358354104054,1.5468197901685298e-07,,
5426.695436205169,1.5117673694626002e-07,,
5439.032518306285,1.477502601172386e-07,,
5451.3696004074,1.4440079537354573e-07,,
5463.706682508516,1.411266281583105e-07,,
5476.043764609631,1.3792608167489215e-07,,
5488.3808467107465,1.3479751606570536e-07,,
5500.717928811861,1.317393276086393e-07,,
5513.055010912977,1.2874994793069755e-07,,
5525.392093014092,1.2582784323849885e-07,,
5537.729175115208,1.2297151356527996e-07,,
5550.066257216323,1.2017949203405913e-07,,
5562.403339317439,1.1745034413661065e-07,,
5574.7404214185535,1.1478266702792927e-07,,
5587.077503519669,1.1217508883584406e-07,,
5599.414585620784,1.0962626798547312e-07,,
5611.7516677219,1.0713489253820048e-07,,
5624.088749823015,1.0469967954486774e-07,,
5636.425831924131,1.0231937441288474e-07,,
5648.762914025246,9.999275028695842e-08,,
5661.099996126361,9.771860744315769e-08,,
5673.437078227476,9.549577269602879e-08,,
5685.774160328591,9.332309881848556e-08,,
5698.111242429707,9.119946397420385e-08,,
5710.448324530822,8.91237711622564e-08,,
5722.785406631938,8.709494767372537e-08,,
5735.122488733053,8.511194456004352e-08,,
5747.4595708341685,8.317373611280937e-08,,
5759.796652935283,8.127931935483755e-08,,
5772.133735036399,7.942771354220279e-08,,
5784.470817137514,7.761795967704552e-08,,
5796.80789923863,7.584912003090845e-08,,
5809.144981339745,7.412027767838352e-08,,
5821.482063440861,7.243053604084457e-08,,
5833.819145541976,7.077901844005774e-08,,
5846.156227643091,6.916486766145211e-08,,
5858.493309744206,6.758724552685145e-08,,
5870.830391845322,6.604533247645903e-08,,
5883.167473946437,6.453832715990492e-08,,
5895.504556047552,6.306544603615563e-08,,
5907.841638148668,6.162592298210243e-08,,
5920.178720249783,6.021900890964068e-08,,
5932.515802350898,5.884397139105723e-08,,
5944.852884452013,5.7500094292552894e-08,,
5957.189966553129,5.6186677415720645e-08,,
5969.527048654244,5.4903036146814795e-08,,
5981.86413075536,5.364850111363892e-08,,
5994.201212856475,5.242241784989452e-08,,
6006.538294957591,5.1224146466827746e-08,,
6018.875377058705,5.00530613320182e-08,,
6031.212459159821,4.8908550755158076e-08,,
6043.549541260936,4.779001668066952e-08,,
6055.886623362052,4.669687438701636e-08,,
6068.223705463167,4.56285521925645e-08,,
6080.560787564283,4.4584491167850145e-08,,
6092.897869665398,4.3564144854121394e-08,,
6105.234951766513,4.256697898801364e-08,,
6117.572033867628,4.159247123223201e-08,,
6129.909115968744,4.064011091210693e-08,,
6142.246198069859,3.9709398757901486e-08,,
6154.583280170974,3.879984665274144e-08,,
6166.92036227209,3.791097738605208e-08,,
6179.257444373205,3.7042324412379717e-08,,
6191.59452647432,3.619343161548324e-08,,
6203.931608575435,3.5363853077582634e-08,,
6216.268690676551,3.455315285365148e-08,,
6228.605772777666,3.376090475064787e-08,,
6240.942854878782,3.298669211157329e-08,,
6253.279936979897,3.2230107604259066e-08,,
6265.617019081013,3.149075301477469e-08,,
6277.9541011821275,3.076823904536241e-08,,
6290.291183283243,3.006218511679564e-08,,
6302.628265384358,2.9372219175069958e-08,,
6314.965347485474,2.8697977502329467e-08,,
6327.302429586589,2.8039104531940083e-08,,
6339.639511687705,2.7395252667616916e-08,,
6351.97659378882,2.6766082106520768e-08,,
6364.313675889935,2.6151260666236382e-08,,
6376.65075799105,2.5550463615548014e-08,,
6388.987840092165,2.4963373508931683e-08,,
6401.324922193281,2.4389680024682046e-08,,
6413.662004294396,2.382907980659562e-08,,
6425.999086395512,2.328127630913344e-08,,
6438.336168496627,2.27459796459877e-08,,
6450.6732505977425,2.22229064419778e-08,,
6463.010332698857,2.1711779688204772e-08,,
6475.347414799973,2.1212328600391667e-08,,
6487.684496901088,2.0724288480342806e-08,,
6500.021579002204,2.0247400580451874e-08,,
6512.358661103319,1.978141197119452e-08,,
6524.695743204435,1.932607541153906e-08,,
6537.0328253055495,1.8881149222213125e-08,,
6549.369907406665,1.8446397161762977e-08,,
6561.70698950778,1.8021588305345493e-08,,
6574.044071608896,1.7606496926192787e-08,,
6586.381153710011,1.720090237969192e-08,,
6598.718235811127,1.6804588990021765e-08,,
6611.055317912242,1.6417345939292532e-08,,
6623.392400013357,1.603896715913193e-08,,
6635.729482114472,1.5669251224666043e-08,,
6648.066564215587,1.5308001250841873e-08,,
6660.403646316703,1.495502479104024e-08,,
6672.740728417818,1.4610133737930055e-08,,
6685.077810518934,1.4273144226513714e-08,,
6697.414892620049,1.3943876539316986e-08,,
6709.7519747211645,1.3622155013675598e-08,,
6722.089056822279,1.3307807951073336e-08,,
6734.426138923395,1.3000667528486322e-08,,
6746.76322102451,1.2700569711689987e-08,,
6759.100303125626,1.240735417048556e-08,,
6771.437385226741,1.2120864195804147e-08,,
6783.774467327857,1.1840946618647307e-08,,
6796.111549428972,1.1567451730823935e-08,,
6808.448631530087,1.1300233207443931e-08,,
6820.785713631202,1.1039148031130525e-08,,
6833.122795732318,1.0784056417913168e-08,,
6845.459877833433,1.0534821744764529e-08,,
6857.796959934549,1.0291310478745095e-08,,
6870.134042035664,1.0053392107720778e-08,,
6882.471124136779,9.820939072618179e-09,,
6894.808206237894,9.593826701184495e-09,,
6907.145288339009,9.371933143218671e-09,,
6919.482370440125,9.155139307241349e-09,,
6931.81945254124,8.943328798572534e-09,,
6944.156534642356,8.736387858785348e-09,,
6956.493616743471,8.534205306506331e-09,,
6968.830698844587,8.336672479531969e-09,,
6981.167780945701,8.14368317823323e-09,,
6993.504863046817,7.955133610219082e-09,,
7005.841945147932,7.770922336231848e-09,,
7018.179027249048,7.590950217246874e-09,,
7030.516109350163,7.415120362750276e-09,,
7042.853191451279,7.243338080168575e-09,,
7055.190273552394,7.075510825425136e-09,,
7067.527355653509,6.91154815459821e-09,,
7079.864437754624,6.751361676656674e-09,,
7092.20151985574,6.594865007249339e-09,,
7104.538601956855,6.441973723524943e-09,,
7116.87568405797,6.292605319959833e-09,,
7129.212766159086,6.1466791651711466e-09,,
7141.549848260201,6.004116459693833e-09,,
7153.886930361316,5.864840194700146e-09,,
7166.224012462431,5.7287751116408266e-09,,
7178.561094563547,5.5958476627875285e-09,,
7190.898176664662,5.46598597265678e-09,,
7203.235258765778,5.339119800295675e-09,,
7215.572340866893,5.215180502410631e-09,,
7227.909422968009,5.094100997320097e-09,,
7240.2465050691235,4.97581572971351e-09,,
7252.583587170239,4.860260636198155e-09,,
7264.920669271354,4.7473731116169205e-09,,
7277.25775137247,4.63709197611947e-09,,
7289.594833473585,4.529357442970602e-09,,
7301.931915574701,4.424111087078953e-09,,
7314.268997675816,4.321295814230591e-09,,
7326.606079776931,4.220855831011441e-09,,
7338.943161878046,4.122736615403614e-09,,
7351.280243979161,4.02688488804041e-09,,
7363.617326080277,3.933248584105591e-09,,
7375.954408181392,3.8417768258625965e-09,,
7388.291490282508,3.752419895799545e-09,,
7400.628572383623,3.6651292103766283e-09,,
7412.9656544847385,3.5798572943622675e-09,,
7425.302736585853,3.4965577557451464e-09,,
7437.639818686969,3.415185261209172e-09,,
7449.976900788084,3.3356955121590295e-09,,
7462.3139828892,3.2580452212838548e-09,,
7474.651064990315,3.1821920896473412e-09,,
7486.988147091431,3.1080947842922857e-09,,
7499.3252291925455,3.0357129163483953e-09,,
7511.662311293661,2.9650070196319897e-09,,
7523.999393394776,2.895938529726632e-09,,
7536.336475495892,2.8284697635341656e-09,,
7548.673557597007,2.762563899285475e-09,,
7561.010639698123,2.6981849570008293e-09,,
7573.347721799238,2.6352977793898495e-09,,
7585.6848039003535,2.5738680131811104e-09,,
7598.021886001468,2.5138620908720914e-09,,
7610.358968102583,2.4552472128897653e-09,,
7622.696050203699,2.397991330152985e-09,,
7635.033132304814,2.3420631270274964e-09,,
7647.37021440593,2.287432004664875e-09,,
7659.707296507045,2.23406806471687e-09,,
7672.0443786081605,2.181942093416707e-09,,
7684.381460709275,2.13102554601919e-09,,
7696.718542810391,2.0812905315915758e-09,,
7709.055624911506,2.032709798147431e-09,,
7721.392707012622,1.9852567181157038e-09,,
7733.729789113737,1.9389052741376477e-09,,
7746.066871214853,1.8936300451841824e-09,,
7758.403953315968,1.849406192986543e-09,,
7770.741035417083,1.8062094487732363e-09,,
7783.078117518198,1.764016100306442e-09,,
7795.415199619314,1.7228029792111027e-09,,
7807.752281720429,1.6825474485902966e-09,,
7820.089363821545,1.643227390920275e-09,,
7832.42644592266,1.6048211962191324e-09,,
7844.763528023775,1.5673077504827686e-09,,
7857.10061012489,1.530666424382326e-09,,
7869.437692226005,1.4948770622171377e-09,,
7881.774774327121,1.4599199711174893e-09,,
7894.111856428236,1.4257759104916224e-09,,
7906.448938529352,1.3924260817114665e-09,,
7918.786020630467,1.3598521180317537e-09,,
7931.123102731583,1.3280360747373043e-09,,
7943.460184832697,1.2969604195133407e-09,,
7955.797266933813,1.2666080230338107e-09,,
7968.134349034928,1.2369621497628859e-09,,
7980.471431136044,1.2080064489647708e-09,,
7992.808513237159,1.1797249459172183e-09,,
8005.145595338275,1.1521020333241106e-09,,
8017.48267743939,1.1251224629226877e-09,,
8029.819759540505,1.0987713372810173e-09,,
8042.15684164162,1.0730341017814381e-09,,
8054.493923742736,1.0478965367857992e-09,,
8066.831005843851,1.0233447499784112e-09,,
8079.168087944966,9.993651688826858e-10,,
8091.505170046082,9.759445335476045e-10,,
8103.842252147197,9.530698894001518e-10,,
8116.179334248312,9.307285802599894e-10,,
8128.516416349427,9.089082415127429e-10,,
8140.853498450543,8.875967934382844e-10,,
8153.190580551658,8.66782434690573e-10,,
8165.527662652774,8.46453635925586e-10,,
8177.864744753889,8.26599133574061e-10,,
8190.201826855005,8.072079237557239e-10,,
8202.53890895612,7.882692563318799e-10,,
8214.875991057235,7.697726290931764e-10,,
8227.213073158351,7.51707782079565e-10,,
8239.550155259467,7.340646920294101e-10,,
8251.887237360581,7.168335669548951e-10,,
8264.224319461697,7.00004840840814e-10,,
8276.561401562813,6.835691684640221e-10,,
8288.898483663928,6.675174203307866e-10,,
8301.235565765044,6.518406777293705e-10,,
8313.572647866158,6.365302278952894e-10,,
8325.909729967274,6.215775592866292e-10,,
8338.24681206839,6.069743569670239e-10,,
8350.583894169504,5.92712498093779e-10,,
8362.92097627062,5.787840475088016e-10,,
8375.258058371735,5.651812534300347e-10,,
8387.595140472851,5.518965432410751e-10,,
8399.932222573965,5.389225193767933e-10,,
8412.269304675081,5.262519553027506e-10,,
8424.606386776197,5.13877791586344e-10,,
8436.943468877313,5.017931320575314e-10,,
8449.280550978427,4.899912400571782e-10,,
8461.617633079542,4.784655347709842e-10,,
8473.954715180658,4.672095876471102e-10,,
8486.291797281774,4.562171188955538e-10,,
8498.628879382888,4.454819940674564e-10,,
8510.965961484004,4.3499822071252364e-10,,
8523.30304358512,4.247599451127916e-10,,
8535.640125686235,4.1476144909098757e-10,,
8547.97720778735,4.049971468918341e-10,,
8560.314289888465,3.954615821345954e-10,,
8572.651371989581,3.861494248352944e-10,,
8584.988454090695,3.7705546849699124e-10,,
8597.32553619181,3.6817462726658356e-10,,
8609.662618292927,3.5950193315663394e-10,,
8621.999700394043,3.510325333307323e-10,,
8634.336782495157,3.4276168745095846e-10,,
8646.673864596272,3.346847650860272e-10,,
8659.010946697388,3.2679724317875884e-10,,
8671.348028798504,3.1909470357149796e-10,,
8683.685110899618,3.1157283058818775e-10,,
8696.022193000734,3.0422740867179566e-10,,
8708.35927510185,2.9705432007585555e-10,,
8720.696357202965,2.9004954260886325e-10,,
8733.03343930408,2.8320914743035716e-10,,
8745.370521405195,2.765292968974771e-10,,
8757.707603506311,2.700062424608895e-10,,
8770.044685607427,2.636363226089214e-10,,
8782.38176770854,2.5741596085882515e-10,,
8794.718849809657,2.5134166379409475e-10,,
8807.055931910772,2.4541001914679703e-10,,
8819.393014011886,2.3961769392387454e-10,,
8831.730096113002,2.339614325764275e-10,,
8844.067178214118,2.2843805521101022e-10,,
8856.404260315234,2.2304445584195417e-10,,
8868.741342416348,2.1777760068381414e-10,,
8881.078424517464,2.1263452648299868e-10,,
8893.41550661858,2.076123388877157e-10,,
8905.752588719695,2.0270821085533355e-10,,
8918.08967082081,1.9791938109632833e-10,,
8930.426752921925,1.9324315255396253e-10,,
8942.76383502304,1.8867689091890428e-10,,
8955.100917124157,1.8421802317796006e-10,,
8967.43799922527,1.7986403619617267e-10,,
8979.775081326386,1.7561247533149774e-10,,
8992.112163427502,1.7146094308133597e-10,,
9004.449245528618,1.6740709776017714e-10,,
9016.786327629732,1.6344865220765877e-10,,
9029.123409730848,1.595833725263318e-10,,
9041.460491831964,1.558090768484727e-10,,
9053.797573933078,1.521236341312547e-10,,
9066.134656034194,1.4852496297965288e-10,,
9078.47173813531,1.450110304964374e-10,,
9090.808820236425,1.415798511586349e-10,,
9103.14590233754,1.382294857198607e-10,,
9115.482984438655,1.3495804013791892e-10,,
9127.82006653977,1.3176366452710943e-10,,
9140.157148640887,1.2864455213465634e-10,,
9152.494230742,1.2559893834072333e-10,,
9164.831312843116,1.2262509968146242e-10,,
9177.168394944232,1.1972135289458646e-10,,
9189.505477045348,1.1688605398692678e-10,,
9201.842559146462,1.1411759732349516e-10,,
9214.179641247578,1.1141441473753833e-10,,
9226.516723348694,1.0877497466112434e-10,,
9238.85380544981,1.0619778127577049e-10,,
9251.190887550923,1.0368137368266748e-10,,
9263.52796965204,1.0122432509204454e-10,,
9275.865051753155,9.882524203124172e-11,,
9288.20213385427,9.648276357105171e-11,,
9300.539215955385,9.419556056992446e-11,,
9312.8762980565,9.19623349356142e-11,,
9325.213380157616,8.978181890387582e-11,,
9337.55046225873,8.765277433381512e-11,,
9349.887544359846,8.557399201951567e-11,,
9362.224626460962,8.3544291017563e-11,,
9374.561708562078,8.156251799010667e-11,,
9386.898790663192,7.962754656310038e-11,,
9399.235872764308,7.773827669937151e-11,,
9411.572954865424,7.589363408618306e-11,,
9423.91003696654,7.409256953695223e-11,,
9436.247119067653,7.233405840679887e-11,,
9448.58420116877,7.061710002161131e-11,,
9460.921283269885,6.894071712031415e-11,,
9473.258365371,6.730395531003861e-11,,
9485.595447472115,6.570588253389433e-11,,
9497.93252957323,6.414558855105714e-11,,
9510.269611674346,6.2622184428888e-11,,
9522.606693775462,6.113480204680647e-11,,
9534.943775876576,5.968259361164752e-11,,
9547.280857977692,5.826473118423905e-11,,
9559.617940078808,5.688040621694241e-11,,
9571.955022179922,5.5528829101901695e-11,,
9584.292104281038,5.4209228729754795e-11,,
9596.629186382153,5.2920852058570505e-11,,
9608.96626848327,5.166296369276983e-11,,
9621.303350584383,5.043484547180592e-11,,
9633.640432685499,4.923579606837555e-11,,
9645.977514786615,4.806513059594488e-11,,
9658.31459688773,4.692218022537298e-11,,
9670.651678988845,4.580629181042344e-11,,
9682.98876108996,4.4716827521961706e-11,,
9695.325843191076,4.3653164490635405e-11,,
9707.662925292192,4.261469445784208e-11,,
9720.000007393306,4.160082343479673e-11,,
9732.337089494422,4.0610971369507106e-11,,
9744.674171595538,3.964457182147869e-11,,
9757.011253696654,3.870107164397038e-11,,
9769.348335797768,3.777993067362405e-11,,
9781.685417898883,3.688062142730045e-11,,
9794.0225,3.60026288059555e-11,,
